tau,ell,EE/EE_planck
0.0261,2,0.3910599568396187
0.0314,2,0.49799191184394875
0.0366,2,0.604072186471941
0.0419,2,0.7134031085599618
0.0472,2,0.8209307510402332
0.0524,2,0.9257379418890582
0.0561,2,1.0
0.0629,2,1.134887745900607
0.0682,2,1.2358364942554372
0.0735,2,1.336701565741608
0.0787,2,1.43403644911281
0.084,2,1.530199495119654
0.0893,2,1.6260526885558955
0.0945,2,1.7172418090000983
0.0998,2,1.8100553520565752
0.105,2,1.8979014096590603
0.1103,2,1.9875312658755069
0.1156,2,2.074666804066917
0.1208,2,2.1581206452081143
0.1261,2,2.243554801989403
0.0261,3,0.2199808476054457
0.0314,3,0.3276497793924611
0.0366,3,0.44999816663124015
0.0419,3,0.5879129305152045
0.0472,3,0.7358871444710176
0.0524,3,0.8882857192057015
0.0561,3,1.0
0.0629,3,1.2106446703979958
0.0682,3,1.3779693064941507
0.0735,3,1.5470439535582223
0.0787,3,1.7138425443025487
0.084,3,1.8846051571802407
0.0893,3,2.0547686259763736
0.0945,3,2.222069480675246
0.0998,3,2.3917712849709556
0.105,3,2.557045890739125
0.1103,3,2.724519328021954
0.1156,3,2.891204812430568
0.1208,3,3.0529595383546417
0.1261,3,3.216729784949198
0.0261,4,0.13331639966525027
0.0314,4,0.2214983625010205
0.0366,4,0.337775131593457
0.0419,4,0.4851137389386445
0.0472,4,0.6586815038835749
0.0524,4,0.8512466819892269
0.0561,4,1.0
0.0629,4,1.295325382217015
0.0682,4,1.5418843661309547
0.0735,4,1.8003289127715068
0.0787,4,2.0634028822994614
0.084,4,2.3400902149208447
0.0893,4,2.6226860407272636
0.0945,4,2.906325887160547
0.0998,4,3.19971874682511
0.105,4,3.490189349702483
0.1103,4,3.789134253137003
0.1156,4,4.0910288928532665
0.1208,4,4.387535086847327
0.1261,4,4.691332198669566
0.0261,5,0.10470694937645987
0.0314,5,0.16903793572250886
0.0366,5,0.26671472150641184
0.0419,5,0.4073569803793262
0.0472,5,0.5919835932914563
0.0524,5,0.8158446160791643
0.0561,5,1.0
0.0629,5,1.3896839842353876
0.0682,5,1.735392924296846
0.0735,5,2.114439270077739
0.0787,5,2.515448170150119
0.084,5,2.9517449827376283
0.0893,5,3.4106327509211285
0.0945,5,3.8837257387955555
0.0998,5,4.38441050102241
0.105,5,4.890934793578412
0.1103,5,5.422176126349547
0.1156,5,5.967809234805413
0.1208,5,6.512621021643563
0.1261,5,7.0788006189465085
0.0261,6,0.13478022727916347
0.0314,6,0.18298522489559083
0.0366,6,0.259831997397995
0.0419,6,0.38112173930671644
0.0472,6,0.5574636356353763
0.0524,6,0.7924467458632184
0.0561,6,1.0
0.0629,6,1.4730677527745333
0.0682,6,1.9240814836941063
0.0735,6,2.445991705841819
0.0787,6,3.0242902126415734
0.084,6,3.6795878590002187
0.0893,6,4.394075864665
0.0945,6,5.154397413343119
0.0998,6,5.9820925470855935
0.105,6,6.841015897309776
0.1103,6,7.76260096088991
0.1156,6,8.72932472065137
0.1208,6,9.713046077987082
0.1261,6,10.753180887177638
0.0261,7,0.2372403527073587
0.0314,7,0.28238395793501103
0.0366,7,0.3478544117503787
0.0419,7,0.44720081630245045
0.0472,7,0.5950539083287905
0.0524,7,0.8040201450820602
0.0561,7,1.0
0.0629,7,1.4810071025611358
0.0682,7,1.9762721872122637
0.0735,7,2.58534039441504
0.0787,7,3.297357613094619
0.084,7,4.143452027836291
0.0893,7,5.106153719927076
0.0945,7,6.169756861927815
0.0998,7,7.367337083266949
0.105,7,8.64814806191374
0.1103,7,10.060420608494562
0.1156,7,11.579378132866706
0.1208,7,13.160185036979486
0.1261,7,14.86650253643132
0.0261,8,0.3941320180065196
0.0314,8,0.4385164071534864
0.0366,8,0.5007234237581649
0.0419,8,0.5864528772659536
0.0472,8,0.7019520391355321
0.0524,8,0.8563798621193192
0.0561,8,1.0
0.0629,8,1.3622721631520343
0.0682,8,1.7551208008333665
0.0735,8,2.2648607338506266
0.0787,8,2.8933566096989343
0.084,8,3.6791493468778578
0.0893,8,4.616321728158657
0.0945,8,5.697054182877703
0.0998,8,6.9620111746981435
0.105,8,8.363538518808571
0.1103,8,9.959005738547868
0.1156,8,11.726276237165731
0.1208,8,13.61516382510837
0.1261,8,15.704052808066331
0.0261,9,0.5345809199869637
0.0314,9,0.569103755652243
0.0366,9,0.6204101079081261
0.0419,9,0.6929583074671943
0.0472,9,0.7869777392328089
0.0524,9,0.9019152196943947
0.0561,9,1.0
0.0629,9,1.2283926476413842
0.0682,9,1.4654657838655512
0.0735,9,1.7729764537679193
0.0787,9,2.1605819614643575
0.084,9,2.6619300995177637
0.0893,9,3.284402574146383
0.0945,9,4.0319120501230525
0.0998,9,4.942800064063971
0.105,9,5.990812269504978
0.1103,9,7.227185612479533
0.1156,9,8.643028040573713
0.1208,9,10.202946559875649
0.1261,9,11.977529932433068
0.0261,10,0.6456771742935061
0.0314,10,0.6680168771783541
0.0366,10,0.7039233441315303
0.0419,10,0.7571478053593483
0.0472,10,0.8304343164431579
0.0524,10,0.9226009689337156
0.0561,10,1.0
0.0629,10,1.1676516425791652
0.0682,10,1.323894370037103
0.0735,10,1.509435980281649
0.0787,10,1.7294236597582349
0.084,10,2.0054421687550206
0.0893,10,2.3460974215737522
0.0945,10,2.7602727618599645
0.0998,10,3.2765469047861835
0.105,10,3.8879916964383567
0.1103,10,4.632119357180433
0.1156,10,5.512272199806347
0.1208,10,6.512944526343306
0.1261,10,7.685959987641591
0.0261,11,0.7491301746951008
0.0314,11,0.7613786173463021
0.0366,11,0.7848973343637765
0.0419,11,0.8209829601575466
0.0472,11,0.8716729174532539
0.0524,11,0.9396048862671587
0.0561,11,1.0
0.0629,11,1.1365677108486392
0.0682,11,1.2634482040076047
0.0735,11,1.4066370333903482
0.0787,11,1.5632972219079873
0.084,11,1.7430581816569464
0.0893,11,1.9480942814831967
0.0945,11,2.1831219290332777
0.0998,11,2.4661862872183735
0.105,11,2.7964149896347585
0.1103,11,3.1989934750861786
0.1156,11,3.680914530060248
0.1208,11,4.239190788797101
0.1261,11,4.9090064582326125
0.0261,12,0.8381955875455647
0.0314,12,0.8422548703749904
0.0366,12,0.8561196048676508
0.0419,12,0.8805071996298292
0.0472,12,0.9145193899243481
0.0524,12,0.9591392817016968
0.0561,12,1.0
0.0629,12,1.0992013850936275
0.0682,12,1.1991669043995385
0.0735,12,1.3174399967030102
0.0787,12,1.448588835900966
0.084,12,1.5956487357227085
0.0893,12,1.7543999340794136
0.0945,12,1.9233209661261281
0.0998,12,2.11087989318318
0.105,12,2.3139293736107245
0.1103,12,2.5469071441391096
0.1156,12,2.8141896912309368
0.1208,12,3.1160142050417234
0.1261,12,3.4743649309916917
0.0261,13,0.9010178031173206
0.0314,13,0.8991367942304362
0.0366,13,0.9044051421906142
0.0419,13,0.9195662357937056
0.0472,13,0.9434368722061474
0.0524,13,0.9738132509152675
0.0561,13,1.0
0.0629,13,1.0627832118054203
0.0682,13,1.1294680507012502
0.0735,13,1.214553327362384
0.0787,13,1.3157448479989482
0.084,13,1.4355381603925421
0.0893,13,1.5689582499877937
0.0945,13,1.7113588845335415
0.0998,13,1.8657430507757373
0.105,13,2.024986328218716
0.1103,13,2.1963440002169397
0.1156,13,2.37878343349557
0.1208,13,2.5705549463430244
0.1261,13,2.7843030437701106
0.0261,14,0.9427065370301134
0.0314,14,0.9371173830699789
0.0366,14,0.9360467610776271
0.0419,14,0.9424116002731784
0.0472,14,0.9580939984004054
0.0524,14,0.98079229534627
0.0561,14,1.0
0.0629,14,1.041388274521779
0.0682,14,1.0822828499001351
0.0735,14,1.1349988535796038
0.0787,14,1.2012591478363754
0.084,14,1.2853661289318055
0.0893,14,1.3859759997725563
0.0945,14,1.499634904416011
0.0998,14,1.62843631023638
0.105,14,1.764332578564771
0.1103,14,1.9111283050441235
0.1156,14,2.064754299306278
0.1208,14,2.220077707226686
0.1261,14,2.384377256089543
0.0261,15,0.9752867697999098
0.0314,15,0.967464496489345
0.0366,15,0.9626032014196529
0.0419,15,0.9620331697491805
0.0472,15,0.9690846227365442
0.0524,15,0.9847234871136823
0.0561,15,1.0
0.0629,15,1.0331951250165514
0.0682,15,1.062220088856688
0.0735,15,1.0956108077528406
0.0787,15,1.135491429812814
0.084,15,1.1870588024122866
0.0893,15,1.2518541107331569
0.0945,15,1.3303202340503326
0.0998,15,1.4250299537315536
0.105,15,1.531388979747774
0.1103,15,1.651918073977438
0.1156,15,1.782837870895151
0.1208,15,1.9185591792009395
0.1261,15,2.0629753113638034
0.0261,16,1.0037568260151788
0.0314,16,0.9946520492532204
0.0366,16,0.9873872622492498
0.0419,16,0.9827140230580574
0.0472,16,0.9824593844919209
0.0524,16,0.9897050062307093
0.0561,16,1.0
0.0629,16,1.027506513301064
0.0682,16,1.0530528746205183
0.0735,16,1.0801510052589676
0.0787,16,1.108360751906912
0.084,16,1.1406382689580588
0.0893,16,1.1796717143654964
0.0945,16,1.2271101473625343
0.0998,16,1.2874437754097983
0.105,16,1.358928759791749
0.1103,16,1.4454456777942786
0.1156,16,1.545072170705922
0.1208,16,1.6536072848854462
0.1261,16,1.774668648428831
0.0261,17,1.02586971165156
0.0314,17,1.0160512754124398
0.0366,17,1.0075675647770934
0.0419,17,1.0005316023834119
0.0472,17,0.9958847092306238
0.0524,17,0.9957635714006929
0.0561,17,1.0
0.0629,17,1.0183491892577032
0.0682,17,1.0404222489416712
0.0735,17,1.0659867690255789
0.0787,17,1.0919553108332318
0.084,17,1.1186842324663218
0.0893,17,1.1461959212691097
0.0945,17,1.1762610591415918
0.0998,17,1.2122262435082285
0.105,17,1.2552344123099863
0.1103,17,1.3088627009210754
0.1156,17,1.3740333765251724
0.1208,17,1.4492903525640668
0.1261,17,1.5377494266077056
0.0261,18,1.0399028411721858
0.0314,18,1.0297111487800135
0.0366,18,1.0205498428143993
0.0419,18,1.0121831287209306
0.0472,18,1.0052257404121732
0.0524,18,1.000662085747515
0.0561,18,1.0
0.0629,18,1.007342969098511
0.0682,18,1.0220720387226097
0.0735,18,1.0433301295683914
0.0787,18,1.0679454880390569
0.084,18,1.094613036094188
0.0893,18,1.1209262673228342
0.0945,18,1.1466177626877454
0.0998,18,1.1731178209904625
0.105,18,1.2013418454656182
0.1103,18,1.2341565145940434
0.1156,18,1.2734625432118167
0.1208,18,1.3196972184561746
0.1261,18,1.3760410065700404
0.0261,19,1.0475465649505038
0.0314,19,1.0371555593853774
0.0366,19,1.0276081779802284
0.0419,19,1.018610206769127
0.0472,19,1.0105028949094095
0.0524,19,1.0037301739746873
0.0561,19,1.0
0.0629,19,0.9980300910069267
0.0682,19,1.003959688753139
0.0735,19,1.017828200230115
0.0787,19,1.0382742687472633
0.084,19,1.0638077503846481
0.0893,19,1.0914239285348484
0.0945,19,1.1185348985611774
0.0998,19,1.145048133440708
0.105,19,1.1697397884486653
0.1103,19,1.1945592822789928
0.1156,19,1.2205744551561075
0.1208,19,1.2486186891696505
0.1261,19,1.281961941174819
0.0261,20,1.0512954204893996
0.0314,20,1.0407443483520862
0.0366,20,1.0309978659725092
0.0419,20,1.0217674245482433
0.0472,20,1.0129965799336587
0.0524,20,1.005079748851066
0.0561,20,1.0
0.0629,20,0.9929127378377373
0.0682,20,0.991728959161117
0.0735,20,0.9968757253984489
0.0787,20,1.009202993613074
0.084,20,1.0286009584172369
0.0893,20,1.0533528877655534
0.0945,20,1.0805472964085474
0.0998,20,1.1092007852657406
0.105,20,1.1364238147383565
0.1103,20,1.162737891264409
0.1156,20,1.1876144523772585
0.1208,20,1.2109620252512774
0.1261,20,1.2352323563747172
0.0261,21,1.0530231867508422
0.0314,21,1.0423295530459962
0.0366,21,1.032431898098057
0.0419,21,1.0231093774785402
0.0472,21,1.014038334434721
0.0524,21,1.0055678309105964
0.0561,21,1.0
0.0629,21,0.9907502173389121
0.0682,21,0.985101919973616
0.0735,21,0.9829374355485393
0.0787,21,0.9864234918438793
0.084,21,0.9969306063219219
0.0893,21,1.014734748871695
0.0945,21,1.0381626349351776
0.0998,21,1.066250884059552
0.105,21,1.0957080877127785
0.1103,21,1.1259375684448971
0.1156,21,1.1550258783977043
0.1208,21,1.1815393188955048
0.1261,21,1.2066816025247318
0.0261,22,1.0541192009309328
0.0314,22,1.0433067063660928
0.0366,22,1.0332045502180236
0.0419,22,1.0237314211114503
0.0472,22,1.0146695498889582
0.0524,22,1.0059795489988606
0.0561,22,1.0
0.0629,22,0.989725588850831
0.0682,22,0.9822826556506155
0.0735,22,0.9762675673137733
0.0787,22,0.9735176456626604
0.084,22,0.975642287707587
0.0893,22,0.9843724133234555
0.0945,22,0.9997800312226462
0.0998,22,1.021877302016651
0.105,22,1.0483714899295067
0.1103,22,1.0786215210186594
0.1156,22,1.1102753550254318
0.1208,22,1.141032070633976
0.1261,22,1.1711085811408795
0.0261,23,1.0548578136412903
0.0314,23,1.0439588928872408
0.0366,23,1.0336598863212367
0.0419,23,1.023939073329853
0.0472,23,1.014894243905784
0.0524,23,1.0062204623771358
0.0561,23,1.0
0.0629,23,0.9891937190564221
0.0682,23,0.9812748303945272
0.0735,23,0.973817504082004
0.0787,23,0.9676371330061673
0.084,23,0.9637053286375719
0.0893,23,0.9641721018167041
0.0945,23,0.9703923707797727
0.0998,23,0.9834709293366577
0.105,23,1.002745403102787
0.1103,23,1.0282407847675077
0.1156,23,1.0581396793619258
0.1208,23,1.0900519676684215
0.1261,23,1.1237461724485687
0.0261,24,1.055318305244113
0.0314,24,1.044368758240361
0.0366,24,1.03394921673165
0.0419,24,1.0239059395306918
0.0472,24,1.0146348673435754
0.0524,24,1.0061073147303385
0.0561,24,1.0
0.0629,24,0.9888955270064637
0.0682,24,0.9805452079713224
0.0735,24,0.9725419244485362
0.0787,24,0.9650634728478968
0.084,24,0.9582690409596092
0.0893,24,0.9536251908563699
0.0945,24,0.9526633414116279
0.0998,24,0.9568930166402541
0.105,24,0.967058418211038
0.1103,24,0.9839787993633082
0.1156,24,1.0070870210812475
0.1208,24,1.034712852521206
0.1261,24,1.0667922672194396
0.0261,25,1.0558743129536956
0.0314,25,1.0448914379779581
0.0366,25,1.0343869505187155
0.0419,25,1.0240522248860744
0.0472,25,1.014438291633594
0.0524,25,1.0058978887450052
0.0561,25,1.0
0.0629,25,0.9889141495113362
0.0682,25,0.9802648840019513
0.0735,25,0.9720003102897218
0.0787,25,0.9641770089242466
0.084,25,0.9564699301593037
0.0893,25,0.949413072059608
0.0945,25,0.9440120476520141
0.0998,25,0.9415061028491821
0.105,25,0.9433540400175665
0.1103,25,0.9508463270371345
0.1156,25,0.9646753764309763
0.1208,25,0.9842592187466607
0.1261,25,1.010037451951149
0.0261,26,1.0568220317527162
0.0314,26,1.0458043257420153
0.0366,26,1.035203989936378
0.0419,26,1.02469540871574
0.0472,26,1.0147896512832704
0.0524,26,1.0058717377215503
0.0561,26,1.0
0.0629,26,0.989282184692947
0.0682,26,0.9807438373153455
0.0735,26,0.9722418821413692
0.0787,26,0.9640591215659686
0.084,26,0.9559714605211183
0.0893,26,0.9481263502342935
0.0945,26,0.9408809373745588
0.0998,26,0.93479146576998
0.105,26,0.9311576309957257
0.1103,26,0.9311496932030136
0.1156,26,0.9361056957396346
0.1208,26,0.9464133256089318
0.1261,26,0.9630196715612062
0.0261,27,1.057940845807532
0.0314,27,1.0468843066135727
0.0366,27,1.0362022011072425
0.0419,27,1.0255899617890836
0.0472,27,1.0154466986490196
0.0524,27,1.0060298394351135
0.0561,27,1.0
0.0629,27,0.9895404011013815
0.0682,27,0.9813169944538924
0.0735,27,0.9728045077335342
0.0787,27,0.9643998908617424
0.084,27,0.9561228724201909
0.0893,27,0.9481379388601526
0.0945,27,0.9403974812913233
0.0998,27,0.9328505588399177
0.105,27,0.9262711902223423
0.1103,27,0.9213741238941154
0.1156,27,0.9195313130217312
0.1208,27,0.9216786468831006
0.1261,27,0.929022446839308
0.0261,28,1.0589488863359082
0.0314,28,1.047852096143407
0.0366,28,1.0371319179104468
0.0419,28,1.0264249895286308
0.0472,28,1.016073077948395
0.0524,28,1.0063053472081422
0.0561,28,1.0
0.0629,28,0.9892806475177702
0.0682,28,0.9813042860617831
0.0735,28,0.9731894373155727
0.0787,28,0.9649875647815086
0.084,28,0.9566558447426088
0.0893,28,0.9484663276109909
0.0945,28,0.9404044332932967
0.0998,28,0.9322687822896467
0.105,28,0.9244698487954328
0.1103,28,0.9172514569609376
0.1156,28,0.911585885103429
0.1208,28,0.9083885117180972
0.1261,28,0.9087265570589428
0.0261,29,1.0597688935873715
0.0314,29,1.0486375156329353
0.0366,29,1.037908930669945
0.0419,29,1.0271159412485134
0.0472,29,1.0165955739873873
0.0524,29,1.0066209844553158
0.0561,29,1.0
0.0629,29,0.9886780264694085
0.0682,29,0.9807637956288032
0.0735,29,0.9731597483564324
0.0787,29,0.9654010861087929
0.084,29,0.9571748406061278
0.0893,29,0.948805782061561
0.0945,29,0.9405160910929654
0.0998,29,0.932232204097032
0.105,29,0.9242176704759977
0.1103,29,0.9163550428180885
0.1156,29,0.909078513809594
0.1208,29,0.9029657455542742
0.1261,29,0.8986873703800461
0.0261,30,1.060374854947247
0.0314,30,1.0492223000354395
0.0366,30,1.0384915632741192
0.0419,30,1.027634776507692
0.0472,30,1.017005279280897
0.0524,30,1.006900878934341
0.0561,30,1.0
0.0629,30,0.9880334471988841
0.0682,30,0.9799211695608611
0.0735,30,0.9725512322615053
0.0787,30,0.9651926833744845
0.084,30,0.9572748934168869
0.0893,30,0.9490209953365681
0.0945,30,0.9407726010802628
0.0998,30,0.9325636497027996
0.105,30,0.9246698433216236
0.1103,30,0.9167959757849748
0.1156,30,0.90900729863294
0.1208,30,0.9015576621440712
0.1261,30,0.8946647101465088
0.0261,31,1.0607605991898403
0.0314,31,1.0496044066232253
0.0366,31,1.0388598319570077
0.0419,31,1.027970446130264
0.0472,31,1.017298964819872
0.0524,31,1.0070901552796367
0.0561,31,1.0
0.0629,31,0.9875712590336979
0.0682,31,0.9789788585946864
0.0735,31,0.9713138769039987
0.0787,31,0.9640963894117472
0.084,31,0.9566702191725377
0.0893,31,0.9489674164019329
0.0945,31,0.9411237741514423
0.0998,31,0.9330568230105031
0.105,31,0.9251436692000263
0.1103,31,0.9171249090251828
0.1156,31,0.9090618228151742
0.1208,31,0.9011298215829444
0.1261,31,0.8931983933819747
0.0261,32,1.060990351511877
0.0314,32,1.0498397701723963
0.0366,32,1.039068431175579
0.0419,32,1.028171155937521
0.0472,32,1.0174929708395797
0.0524,32,1.0072003757741554
0.0561,32,1.0
0.0629,32,0.9872771393807573
0.0682,32,0.9780907279569643
0.0735,32,0.9698036698255394
0.0787,32,0.9624590433471139
0.084,32,0.9554554238589994
0.0893,32,0.9484381346666223
0.0945,32,0.9411790261517885
0.0998,32,0.9333614774533144
0.105,32,0.9254259954537911
0.1103,32,0.9172385874151094
0.1156,32,0.9090454771111817
0.1208,32,0.9010988029946531
0.1261,32,0.8930699780559486
0.0261,33,1.0611415077210438
0.0314,33,1.0499950535243334
0.0366,33,1.0391866889066015
0.0419,33,1.0282964995389472
0.0472,33,1.0176074777599737
0.0524,33,1.0072578945447908
0.0561,33,1.0
0.0629,33,0.9870824256682799
0.0682,33,0.9773914484381181
0.0735,33,0.9684518070650217
0.0787,33,0.9607509271807265
0.084,33,0.9538081233396976
0.0893,33,0.9472228340443205
0.0945,33,0.9404897317264732
0.0998,33,0.9331123029400147
0.105,33,0.9254224972059822
0.1103,33,0.9173482113791286
0.1156,33,0.909256804849377
0.1208,33,0.9014726472318838
0.1261,33,0.8936352653734944
0.0261,34,1.0612701994264284
0.0314,34,1.0501206421050877
0.0366,34,1.0392696460340434
0.0419,34,1.0283926587603085
0.0472,34,1.0176628838783204
0.0524,34,1.0072849977687062
0.0561,34,1.0
0.0629,34,0.9869322500346053
0.0682,34,0.9769684010068561
0.0735,34,0.9675676417778818
0.0787,34,0.9593367738563962
0.084,34,0.9519214336083105
0.0893,34,0.9452512098126954
0.0945,34,0.9387982576150979
0.0998,34,0.9320611502810364
0.105,34,0.9250274654244207
0.1103,34,0.9175272286391412
0.1156,34,0.9098145945497993
0.1208,34,0.9021676285158374
0.1261,34,0.8943498685333503
0.0261,35,1.0613647881463604
0.0314,35,1.0502163507393938
0.0366,35,1.039329970891148
0.0419,35,1.028465008893869
0.0472,35,1.0176838615580104
0.0524,35,1.0072930397458697
0.0561,35,1.0
0.0629,35,0.9868124522474694
0.0682,35,0.9767536187095792
0.0735,35,0.9670746325104577
0.0787,35,0.9582652530582755
0.084,35,0.9500822343940314
0.0893,35,0.942951687114781
0.0945,35,0.9364960464379187
0.0998,35,0.9303400163226653
0.105,35,0.9240716251554214
0.1103,35,0.9173570842710516
0.1156,35,0.9102010607501073
0.1208,35,0.9027482290776121
0.1261,35,0.8949335594827668
0.0261,36,1.061398656402971
0.0314,36,1.0502704018378302
0.0366,36,1.0393699858412062
0.0419,36,1.028509298916451
0.0472,36,1.0176948666155041
0.0524,36,1.0072903128070265
0.0561,36,1.0
0.0629,36,0.9867189026203109
0.0682,36,0.9766466902622741
0.0735,36,0.9668111574908084
0.0787,36,0.9575098281344122
0.084,36,0.9485847198408759
0.0893,36,0.9408462132548856
0.0945,36,0.9341045394028696
0.0998,36,0.9281619260687402
0.105,36,0.9223796011920795
0.1103,36,0.9163269061447686
0.1156,36,0.9097777233684486
0.1208,36,0.9027196062910285
0.1261,36,0.8951806697960278
0.0261,37,1.0613570364971239
0.0314,37,1.050276181089557
0.0366,37,1.0393921905379164
0.0419,37,1.0285241768042939
0.0472,37,1.0177136385454446
0.0524,37,1.0072836405106091
0.0561,37,1.0
0.0629,37,0.9866483582373042
0.0682,37,0.9765685460378916
0.0735,37,0.966646401659973
0.0787,37,0.957036897627041
0.084,37,0.947632165963038
0.0893,37,0.9393206552808528
0.0945,37,0.9320347685677841
0.0998,37,0.9257418853094235
0.105,37,0.9198988429514073
0.1103,37,0.914135152896031
0.1156,37,0.9081267369566416
0.1208,37,0.9017318598777051
0.1261,37,0.8949118950677112
0.0261,38,1.0612658789996345
0.0314,38,1.0502447446395786
0.0366,38,1.0394001644012967
0.0419,38,1.028518647640804
0.0472,38,1.0177365262197846
0.0524,38,1.007275712445592
0.0561,38,1.0
0.0629,38,0.9866002982439095
0.0682,38,0.9765039394575245
0.0735,38,0.9665386783610245
0.0787,38,0.9567812384399376
0.084,38,0.9471325797534201
0.0893,38,0.9383338038947555
0.0945,38,0.9303695522629845
0.0998,38,0.9233426768343164
0.105,38,0.917018229400203
0.1103,38,0.9111926737991278
0.1156,38,0.90556216059858
0.1208,38,0.8999014021122022
0.1261,38,0.894010345751804
0.0261,39,1.0611592866939576
0.0314,39,1.0501906984768914
0.0366,39,1.039397568717786
0.0419,39,1.028503678976664
0.0472,39,1.017755124196004
0.0524,39,1.0072681380328647
0.0561,39,1.0
0.0629,39,0.9865748468000257
0.0682,39,0.9764530419594387
0.0735,39,0.9664687900567637
0.0787,39,0.9566733769364775
0.084,39,0.9469301897121698
0.0893,39,0.9377478485966958
0.0945,39,0.9291119766557568
0.0998,39,0.9212254496112712
0.105,39,0.9142097455696261
0.1103,39,0.9080548465420054
0.1156,39,0.9025517019330559
0.1208,39,0.8974464984077725
0.1261,39,0.8923790123488302
0.0261,40,1.061069239882064
0.0314,40,1.050127739155236
0.0366,40,1.0393878383100246
0.0419,40,1.028489558258718
0.0472,40,1.0177615495581416
0.0524,40,1.0072624261792396
0.0561,40,1.0
0.0629,40,0.986572116453486
0.0682,40,0.9764160077312698
0.0735,40,0.9664187172965257
0.0787,40,0.9566481198399833
0.084,40,0.9468788276791604
0.0893,40,0.9374334207332274
0.0945,40,0.9282647701713149
0.0998,40,0.9196349275812041
0.105,40,0.9119158300346653
0.1103,40,0.9052423127946205
0.1156,40,0.8995337825506228
0.1208,40,0.8945716371855525
0.1261,40,0.8899267205046565
0.0261,41,1.061019535219685
0.0314,41,1.0500675163757875
0.0366,41,1.039373277412268
0.0419,41,1.028483537688564
0.0472,41,1.0177512814875962
0.0524,41,1.0072598569153548
0.0561,41,1.0
0.0629,41,0.986590244098934
0.0682,41,0.9763925864706686
0.0735,41,0.9663751913952964
0.0787,41,0.956652435970063
0.084,41,0.9468618537992329
0.0893,41,0.9372798852553874
0.0945,41,0.9278092642642942
0.0998,41,0.9187269230441807
0.105,41,0.9104447809490036
0.1103,41,0.9031401712106016
0.1156,41,0.8968612130024924
0.1208,41,0.8914888884285556
0.1261,41,0.8866730583325294
0.0261,42,1.0610080089818594
0.0314,42,1.0500162328206166
0.0366,42,1.0393524271822419
0.0419,42,1.0284829506535114
0.0472,42,1.0177314254684442
0.0524,42,1.0072610960396058
0.0561,42,1.0
0.0629,42,0.9866197159463753
0.0682,42,0.9763809974663514
0.0735,42,0.9663401464748487
0.0787,42,0.956668728819916
0.084,42,0.9468508511280863
0.0893,42,0.9372260440953128
0.0945,42,0.9276444875608947
0.0998,42,0.9183568378348325
0.105,42,0.9096648925132146
0.1103,42,0.9017024181882927
0.1156,42,0.894634802275857
0.1208,42,0.8884778300501934
0.1261,42,0.8830521502553527
0.0261,43,1.061026591398306
0.0314,43,1.0499785601553335
0.0366,43,1.039323019453247
0.0419,43,1.0284829519683993
0.0472,43,1.0177114649161245
0.0524,43,1.0072666390016363
0.0561,43,1.0
0.0629,43,0.9866496673619171
0.0682,43,0.9763791874582343
0.0735,43,0.9663189557595471
0.0787,43,0.9566883856697631
0.084,43,0.9468390867947463
0.0893,43,0.9372248686771734
0.0945,43,0.9276549312641992
0.0998,43,0.9183170122106552
0.105,43,0.9093485482922508
0.1103,43,0.9007854326456091
0.1156,43,0.89289271389546
0.1208,43,0.8858214360136057
0.1261,43,0.8795749752003393
0.0261,44,1.061067689099803
0.0314,44,1.0499589056339236
0.0366,44,1.0392829135123742
0.0419,44,1.0284789759617508
0.0472,44,1.017700336461588
0.0524,44,1.0072769543083926
0.0561,44,1.0
0.0629,44,0.9866698602959507
0.0682,44,0.9763852251578916
0.0735,44,0.9663166877808319
0.0787,44,0.9567032915996434
0.084,44,0.9468202157063251
0.0893,44,0.937232060837112
0.0945,44,0.9277318098932732
0.0998,44,0.9184118788931518
0.105,44,0.909281422891939
0.1103,44,0.900254061380141
0.1156,44,0.8916710835132077
0.1208,44,0.8837864887046448
0.1261,44,0.8767230958450505
0.0261,45,1.0611243527520942
0.0314,45,1.0499603070693344
0.0366,45,1.0392325935921454
0.0419,45,1.0284680242478448
0.0472,45,1.0177039159746613
0.0524,45,1.0072918782601727
0.0561,45,1.0
0.0629,45,0.9866735267296486
0.0682,45,0.9763970719735484
0.0735,45,0.966335345325038
0.0787,45,0.9567072449632583
0.084,45,0.9467903668473291
0.0893,45,0.9372145361699965
0.0945,45,0.9277899454461475
0.0998,45,0.9184875362592824
0.105,45,0.9092900025013784
0.1103,45,0.8999889043449381
0.1156,45,0.8909745270706214
0.1208,45,0.8825482868141156
0.1261,45,0.8748367490954928
0.0261,46,1.0611908390373994
0.0314,46,1.049981197510033
0.0366,46,1.0391824049144955
0.0419,46,1.0284524312941044
0.0472,46,1.0177176667545926
0.0524,46,1.0073088620183726
0.0561,46,1.0
0.0629,46,0.9866656855027125
0.0682,46,0.9764119392298912
0.0735,46,0.966365838621563
0.0787,46,0.9567001271696876
0.084,46,0.9467542331016985
0.0893,46,0.9371753733342961
0.0945,46,0.9278176313147023
0.0998,46,0.9185191363129674
0.105,46,0.9093232301229581
0.1103,46,0.8999087083865004
0.1156,46,0.8906905727770187
0.1208,46,0.8819704532161265
0.1261,46,0.8737867126989033
0.0261,47,1.0612619279675357
0.0314,47,1.050019010152604
0.0366,47,1.0391445651517306
0.0419,47,1.0284356758728481
0.0472,47,1.0177348160844433
0.0524,47,1.0073249069054921
0.0561,47,1.0
0.0629,47,0.9866538919240695
0.0682,47,0.9764269792336101
0.0735,47,0.966396870577008
0.0787,47,0.9566832366405033
0.084,47,0.9467183061702562
0.0893,47,0.9371259381820431
0.0945,47,0.9278207415640143
0.0998,47,0.9185128883523356
0.105,47,0.909360661676767
0.1103,47,0.8999444750991421
0.1156,47,0.8906841849345706
0.1208,47,0.8818497647826646
0.1261,47,0.8733399051868074
0.0261,48,1.0613326872970053
0.0314,48,1.0500713286158712
0.0366,48,1.039130643856322
0.0419,48,1.0284210489041372
0.0472,48,1.0177489562372175
0.0524,48,1.0073371751686717
0.0561,48,1.0
0.0629,48,0.9866452947092037
0.0682,48,0.9764394977252
0.0735,48,0.9664177500974827
0.0787,48,0.9566577951918211
0.084,48,0.9466887281869945
0.0893,48,0.9370769794660851
0.0945,48,0.9278048225375481
0.0998,48,0.9184746473622877
0.105,48,0.9093829499546956
0.1103,48,0.9000309599811853
0.1156,48,0.8908276975573058
0.1208,48,0.8819941027251066
0.1261,48,0.8732759995924937
0.0261,49,1.0613984484240062
0.0314,49,1.0501358778036747
0.0366,49,1.039151622420787
0.0419,49,1.0284116696920615
0.0472,49,1.0177540131676497
0.0524,49,1.0073429756133627
0.0561,49,1.0
0.0629,49,0.9866466708332186
0.0682,49,0.9764469404353162
0.0735,49,0.9664183388961483
0.0787,49,0.9566249524175242
0.084,49,0.9466713224870856
0.0893,49,0.9370386806508002
0.0945,49,0.9277751158789617
0.0998,49,0.9184099361956126
0.105,49,0.9093717490699156
0.1103,49,0.9001063694331783
0.1156,49,0.8910002312422391
0.1208,49,0.8822215829979013
0.1261,49,0.8733864425854458
0.0261,50,1.0614563121388891
0.0314,50,1.0502103490128454
0.0366,50,1.0392140161625332
0.0419,50,1.0284108340809077
0.0472,50,1.0177470207872714
0.0524,50,1.0073411754776673
0.0561,50,1.0
0.0629,50,0.9866622218799415
0.0682,50,0.976447781665717
0.0735,50,0.9663926591176496
0.0787,50,0.9565866045775391
0.084,50,0.9466695128947596
0.0893,50,0.937017861253882
0.0945,50,0.927736008192331
0.0998,50,0.9183247805134891
0.105,50,0.9093150569378456
0.1103,50,0.900124470130041
0.1156,50,0.8911079163085018
0.1208,50,0.8823887578516365
0.1261,50,0.8735036428311126
