ell,tau,EE,TE,TT
2,0.0206,1.9618125479490253e-15,4.867361243853394e-13,2.9323974732603365e-10
3,0.0206,5.348112045056401e-16,1.5397189676242835e-13,1.26312676042479e-10
4,0.0206,1.5550072066652241e-16,6.010383945742264e-14,7.087619017651768e-11
5,0.0206,6.525594227221485e-17,2.5479662919936228e-14,4.565390908590496e-11
6,0.0206,4.403229566857619e-17,1.1683624146371716e-14,3.193798763822852e-11
7,0.0206,3.765101746647098e-17,6.15711940673182e-15,2.3653144447596195e-11
8,0.0206,3.525075357211618e-17,3.916588428902291e-15,1.8263871158950644e-11
9,0.0206,3.4398646248195104e-17,2.9535946662758727e-15,1.4556231905936596e-11
10,0.0206,3.4242391472089074e-17,2.490418914326223e-15,1.189117870402546e-11
11,0.0206,3.4428282106845493e-17,2.238898620658133e-15,9.912574415476838e-12
12,0.0206,3.479234505922789e-17,2.084147262297937e-15,8.399827675196954e-12
13,0.0206,3.526272657507399e-17,1.9716581634381947e-15,7.217474062130849e-12
14,0.0206,3.57868324880337e-17,1.875018510833921e-15,6.275106679514567e-12
15,0.0206,3.635735654503636e-17,1.782340733338877e-15,5.51226414152437e-12
16,0.0206,3.695120730755951e-17,1.6891069824723702e-15,4.884765650164565e-12
17,0.0206,3.756982645833244e-17,1.5957019082668165e-15,4.363123478283402e-12
18,0.0206,3.821086506667684e-17,1.5052535099012584e-15,3.923463651802699e-12
19,0.0206,3.8872424530739957e-17,1.4166264984686428e-15,3.5500386895680502e-12
20,0.0206,3.955377876958354e-17,1.3279832705762648e-15,3.229948090701559e-12
21,0.0206,4.0254878966025045e-17,1.2397620386784232e-15,2.9536655613831003e-12
22,0.0206,4.0975431157461376e-17,1.1527565231424734e-15,2.7130911683759243e-12
23,0.0206,4.1713483535851744e-17,1.066906660140995e-15,2.502456213719005e-12
24,0.0206,4.2467138385099126e-17,9.820705078610888e-16,2.3168594756473165e-12
25,0.0206,4.3236372202319215e-17,8.986323967427232e-16,2.1525384019041107e-12
26,0.0206,4.402112796675513e-17,8.169729000289889e-16,2.006196586061391e-12
27,0.0206,4.481934037294691e-17,7.369312899226089e-16,1.8752635354978976e-12
28,0.0206,4.5628695010700136e-17,6.582388868821009e-16,1.7575069133719664e-12
29,0.0206,4.644788933558548e-17,5.807365054295346e-16,1.6513210921535813e-12
30,0.0206,4.7275873769614957e-17,5.042923336028675e-16,1.555257121640641e-12
31,0.0206,4.811158873656983e-17,4.288130854097939e-16,1.4679582450034496e-12
32,0.0206,4.89539346673084e-17,3.5435957873695557e-16,1.3884364789019415e-12
33,0.0206,4.9801801994458266e-17,2.8103115744073223e-16,1.3157960333684579e-12
34,0.0206,5.065416182901216e-17,2.0888171172957817e-16,1.2491936562858133e-12
35,0.0206,5.1510307995423456e-17,1.3778331722024925e-16,1.1879962469387136e-12
36,0.0206,5.236961499651068e-17,6.756259588157571e-17,1.1316232424623383e-12
37,0.0206,5.323135672541089e-17,-1.895359913312606e-18,1.0795313666382306e-12
38,0.0206,5.409440463653526e-17,-7.047157617409467e-17,1.0313264898333917e-12
39,0.0206,5.495752957461349e-17,-1.3798860850614944e-16,9.866517690611862e-13
40,0.0206,5.581950238437528e-17,-2.0426901251485765e-16,9.451503613349796e-13
41,0.0206,5.667923428650945e-17,-2.6920013109777607e-16,9.064894432735845e-13
42,0.0206,5.753619800554122e-17,-3.3292845632117147e-16,8.704322699176027e-13
43,0.0206,5.839000664195493e-17,-3.9566526754348837e-16,8.367661159130836e-13
44,0.0206,5.924027329623491e-17,-4.576218441231707e-16,8.052782559060764e-13
45,0.0206,6.00864615295071e-17,-5.189508295255272e-16,7.757685094883862e-13
46,0.0206,6.092743674546376e-17,-5.795703236433219e-16,7.480868760348416e-13
47,0.0206,6.176191480843875e-17,-6.393397904761838e-16,7.22095899866027e-13
48,0.0206,6.258861158276596e-17,-6.981186940237416e-16,6.976581253025272e-13
49,0.0206,6.340624293277924e-17,-7.557664982856237e-16,6.746360966649263e-13
50,0.0206,6.421359024689101e-17,-8.121735992552728e-16,6.529027675394729e-13
2,0.0243,2.4457816836920325e-15,5.069153464273638e-13,2.923933636736498e-10
3,0.0243,7.693695450916488e-16,1.6890766774283145e-13,1.2615058531795938e-10
4,0.0243,2.3532223698097374e-16,6.948293521154948e-14,7.066653222103654e-11
5,0.0243,8.827463497370071e-17,3.0888522551440376e-14,4.5464931003411927e-11
6,0.0243,5.167758558354345e-17,1.4533459538331377e-14,3.177896798033345e-11
7,0.0243,4.1044258865950296e-17,7.554505510492505e-15,2.3521888121650924e-11
8,0.0243,3.6903363300620403e-17,4.5852903184830985e-15,1.8155705875180825e-11
9,0.0243,3.515695916141642e-17,3.286599662984574e-15,1.4466341363123893e-11
10,0.0243,3.452640671715551e-17,2.6666005624486896e-15,1.181567723640049e-11
11,0.0243,3.445635258303453e-17,2.326973856407463e-15,9.848580396526735e-12
12,0.0243,3.467741470528622e-17,2.1159202658286146e-15,8.34498446341114e-12
13,0.0243,3.506970212580268e-17,1.9728696613089034e-15,7.1700132997194314e-12
14,0.0243,3.555228627847565e-17,1.8647995037003224e-15,6.233605991572041e-12
15,0.0243,3.6100697016268565e-17,1.771540422676752e-15,5.475571206723839e-12
16,0.0243,3.668428467146544e-17,1.682207955525624e-15,4.852053621492883e-12
17,0.0243,3.729680173699217e-17,1.591614255239893e-15,4.333733447411465e-12
18,0.0243,3.793246527294301e-17,1.4999225776144868e-15,3.896910100638184e-12
19,0.0243,3.858926364652846e-17,1.4088184857742024e-15,3.5259202961236097e-12
20,0.0243,3.926657880060659e-17,1.3197263830324414e-15,3.207920766742001e-12
21,0.0243,3.9963174335767286e-17,1.2326390919090562e-15,2.9334449730111966e-12
22,0.0243,4.0677743239757835e-17,1.1470990150395813e-15,2.6944491370990387e-12
23,0.0243,4.1409314391223255e-17,1.0622784563158258e-15,2.485203800129788e-12
24,0.0243,4.21570623838019e-17,9.776116066710317e-16,2.300840473481917e-12
25,0.0243,4.292040878020789e-17,8.939503039479065e-16,2.1376202305943183e-12
26,0.0243,4.3698545055486704e-17,8.121977201858125e-16,1.9922660163112578e-12
27,0.0243,4.448949536493348e-17,7.320447173012754e-16,1.8622186990380832e-12
28,0.0243,4.5291345940557806e-17,6.530195113111058e-16,1.7452557969916614e-12
29,0.0243,4.610359864097738e-17,5.75212044756097e-16,1.6397835040738557e-12
30,0.0243,4.692610923146198e-17,4.98852691808037e-16,1.5443651831077799e-12
31,0.0243,4.7758287794969334e-17,4.240816124524992e-16,1.457655281371018e-12
32,0.0243,4.85977616852091e-17,3.5067810993020036e-16,1.378672583959039e-12
33,0.0243,4.9441712573578944e-17,2.7833127329564205e-16,1.306526960421785e-12
34,0.0243,5.028788498752336e-17,2.0680075803948066e-16,1.2403803174174964e-12
35,0.0243,5.1136274878674255e-17,1.361284853969893e-16,1.1796027100376149e-12
36,0.0243,5.198744105471041e-17,6.64269430395948e-17,1.1236162304818813e-12
37,0.0243,5.284159440851097e-17,-2.2132545481786308e-18,1.0718803791434108e-12
38,0.0243,5.3697554173756584e-17,-6.978898562942017e-17,1.024004289188817e-12
39,0.0243,5.455379166932831e-17,-1.363190016541224e-16,9.796345019780872e-13
40,0.0243,5.5408778214107196e-17,-2.018220540722771e-16,9.38417558871209e-13
41,0.0243,5.626122663350595e-17,-2.6632345024217115e-16,9.000235823323852e-13
42,0.0243,5.711081577906406e-17,-3.298747211552669e-16,8.642170192426782e-13
43,0.0243,5.795746600885265e-17,-3.9253395371132123e-16,8.307858975873662e-13
44,0.0243,5.880109768094288e-17,-4.543592348100905e-16,7.99518245351727e-13
45,0.0243,5.964138500239296e-17,-5.153853728411579e-16,7.702146954810578e-13
46,0.0243,6.047701757620955e-17,-5.755540621534107e-16,7.427263007607317e-13
47,0.0243,6.130643885438637e-17,-6.347837185855626e-16,7.169167189361414e-13
48,0.0243,6.212809228891715e-17,-6.929927579763278e-16,6.926496077526794e-13
49,0.0243,6.294042133179562e-17,-7.500995961644197e-16,6.69788624955738e-13
50,0.0243,6.37420102961434e-17,-8.060401930674262e-16,6.482077174626699e-13
2,0.0281,2.970302628428502e-15,5.263491168635641e-13,2.9315568298462237e-10
3,0.0281,1.0567424835229576e-15,1.8120258662521554e-13,1.260034048556209e-10
4,0.0281,3.4802244283630594e-16,7.775179495090017e-14,7.048821700108985e-11
5,0.0281,1.2365783226225442e-16,3.601889484007401e-14,4.5285193683770814e-11
6,0.0281,6.296326182797501e-17,1.7467670558729978e-14,3.1621801769352644e-11
7,0.0281,4.5864982454477694e-17,9.108596190622252e-15,2.3390212804469954e-11
8,0.0281,3.938382757263119e-17,5.3629734745821126e-15,1.804638658753915e-11
9,0.0281,3.643796375926442e-17,3.675239623751899e-15,1.437519615324804e-11
10,0.0281,3.5143454691447136e-17,2.874000111902582e-15,1.1738898061972315e-11
11,0.0281,3.468819754214422e-17,2.4467988374216484e-15,9.783254421400095e-12
12,0.0281,3.468852435227192e-17,2.1823373887233363e-15,8.288884689221981e-12
13,0.0281,3.4950185684692714e-17,1.9991590010321576e-15,7.121385297656716e-12
14,0.0281,3.536260933985079e-17,1.8647340420184117e-15,6.191145750864677e-12
15,0.0281,3.587043615371747e-17,1.7596882346003523e-15,5.438118048933135e-12
16,0.0281,3.643080832806163e-17,1.6691940347028448e-15,4.818714673301741e-12
17,0.0281,3.703261090992601e-17,1.5816530016556248e-15,4.3038205250356076e-12
18,0.0281,3.7659522126811314e-17,1.4937988841840555e-15,3.869899895129151e-12
19,0.0281,3.830720748707863e-17,1.4049911945835208e-15,3.5013899142190997e-12
20,0.0281,3.8975552243547674e-17,1.3151952831123657e-15,3.1855263767100533e-12
21,0.0281,3.966458009410974e-17,1.2261975327883045e-15,2.9129032295464517e-12
22,0.0281,4.037381861001049e-17,1.1397299056356804e-15,2.675528282328448e-12
23,0.0281,4.1100672410841536e-17,1.055485646945988e-15,2.4677066427392096e-12
24,0.0281,4.184255709043735e-17,9.72686262024427e-16,2.2845991960623078e-12
25,0.0281,4.259905509125777e-17,8.907050129638685e-16,2.1224926398999055e-12
26,0.0281,4.3370028682679816e-17,8.09130327104174e-16,1.9781328420363936e-12
27,0.0281,4.415429259312386e-17,7.282595359854957e-16,1.848976538666474e-12
28,0.0281,4.4950414614585643e-17,6.485354507016451e-16,1.7328149443313997e-12
29,0.0281,4.575702233431903e-17,5.70273896360785e-16,1.6280663185483138e-12
30,0.0281,4.65727582883924e-17,4.9375895157466335e-16,1.5333056820783335e-12
31,0.0281,4.739637204090205e-17,4.191555800887515e-16,1.4471979548560865e-12
32,0.0281,4.822704126805567e-17,3.461522861834068e-16,1.3687676535102414e-12
33,0.0281,4.906405067408884e-17,2.743184592727081e-16,1.2971291938429793e-12
34,0.0281,4.9906509651831685e-17,2.0332447575441204e-16,1.2314487293621006e-12
35,0.0281,5.0752826348492546e-17,1.3324465996098621e-16,1.1710993643978853e-12
36,0.0281,5.1601233599874306e-17,6.425432320857618e-17,1.1155059409862345e-12
37,0.0281,5.2450150922709935e-17,-3.51677200035946e-18,1.0641308843241478e-12
38,0.0281,5.3298744557452745e-17,-7.012105841810891e-17,1.0165869522530252e-12
39,0.0281,5.414636742548615e-17,-1.3565651761064638e-16,9.725244857753647e-13
40,0.0281,5.499237244819352e-17,-2.0022113114394665e-16,9.31593825893666e-13
41,0.0281,5.583621840469409e-17,-2.639059877817545e-16,8.934684229208488e-13
42,0.0281,5.667778750505031e-17,-3.267746050788948e-16,8.579141644115166e-13
43,0.0281,5.751706781706046e-17,-3.88883607787963e-16,8.247200472306931e-13
44,0.0281,5.835404740852278e-17,-4.502896206615543e-16,7.93675068243403e-13
45,0.0281,5.918841163473426e-17,-5.110176069690375e-16,7.64580800863447e-13
46,0.0281,6.001863500098668e-17,-5.709658840468778e-16,7.372891246997325e-13
47,0.0281,6.084288930007051e-17,-6.300011077483134e-16,7.116644959099437e-13
48,0.0281,6.165934632477623e-17,-6.879899339265833e-16,6.875713706517643e-13
49,0.0281,6.246617786789434e-17,-7.447990184349262e-16,6.648742050828785e-13
50,0.0281,6.326177531673206e-17,-8.003281215614061e-16,6.434477147767669e-13
2,0.0318,3.4874997795156457e-15,5.390337493663712e-13,2.9313251038437027e-10
3,0.0318,1.3767977655584147e-15,1.9096593726188664e-13,1.258756215025089e-10
4,0.0318,4.898794524088158e-16,8.466499967922567e-14,7.031974908712249e-11
5,0.0318,1.7294985780705748e-16,4.0550979542055713e-14,4.512002498543304e-11
6,0.0318,7.869920049746478e-17,2.0221008484505326e-14,3.1475237809426364e-11
7,0.0318,5.212096639213545e-17,1.0665220367221442e-14,2.3265327682493377e-11
8,0.0318,4.264324296671591e-17,6.189064217527675e-15,1.7941705860655475e-11
9,0.0318,3.822661444546177e-17,4.098483257772822e-15,1.428760778004435e-11
10,0.0318,3.609934676160764e-17,3.0970534082440645e-15,1.1665092882784075e-11
11,0.0318,3.516864168738778e-17,2.5764081682724245e-15,9.720427149963674e-12
12,0.0318,3.486358440070885e-17,2.2635710493319098e-15,8.234881814762464e-12
13,0.0318,3.4935391798534065e-17,2.0470777556750466e-15,7.074487050670247e-12
14,0.0318,3.52391557399138e-17,1.8848737238787667e-15,6.150120796804787e-12
15,0.0318,3.568200877183986e-17,1.7592216911423147e-15,5.401944284647881e-12
16,0.0318,3.620976714157754e-17,1.6574441408515253e-15,4.78653100964397e-12
17,0.0318,3.678991954073958e-17,1.5674318949058015e-15,4.275000837695454e-12
18,0.0318,3.740555345428272e-17,1.482755033187829e-15,3.84390832294649e-12
19,0.0318,3.8046924990627016e-17,1.3987140488001748e-15,3.4777868743917715e-12
20,0.0318,3.870712456471252e-17,1.3118509932644774e-15,3.1639740956466997e-12
21,0.0318,3.938629272412195e-17,1.2234439111159087e-15,2.893134890401204e-12
22,0.0318,4.0085668255047854e-17,1.135691429029898e-15,2.657332896432981e-12
23,0.0318,4.080383276547945e-17,1.0497385092293817e-15,2.4508993877962474e-12
24,0.0318,4.1538849273342074e-17,9.662300980464105e-16,2.269013743599572e-12
25,0.0318,4.228936361450876e-17,8.848647427019834e-16,2.1079801268924072e-12
26,0.0318,4.305416783528422e-17,8.050476951485269e-16,1.964563598410217e-12
27,0.0318,4.383205600575201e-17,7.259574253752226e-16,1.836248025691635e-12
28,0.0318,4.4621770994715447e-17,6.469963325561077e-16,1.720849968411398e-12
29,0.0318,4.5421848842077743e-17,5.686893145678836e-16,1.6167979479855011e-12
30,0.0318,4.623077388051713e-17,4.918418939629208e-16,1.5226734762652527e-12
31,0.0318,4.704726662046449e-17,4.170456479032962e-16,1.4371476979556523e-12
32,0.0318,4.7870992283361276e-17,3.440363719899275e-16,1.359250289176463e-12
33,0.0318,4.870185226840163e-17,2.7233591643344127e-16,1.2881005589011404e-12
34,0.0318,4.953938325082399e-17,2.0156742586442284e-16,1.2228692293229383e-12
35,0.0318,5.038166301004409e-17,1.3175922259328846e-16,1.1629326755143077e-12
36,0.0318,5.1226404601522e-17,6.304092335041253e-17,1.107718685767499e-12
37,0.0318,5.207153975093552e-17,-4.48298364058665e-18,1.0566926261147682e-12
38,0.0318,5.2915874864833487e-17,-7.080852418311967e-17,1.0094701735483952e-12
39,0.0318,5.375843501998251e-17,-1.3595685258735345e-16,9.657045828006658e-13
40,0.0318,5.4598245293149153e-17,-1.9994912316345548e-16,9.250491086038647e-13
41,0.0318,5.543456210251278e-17,-2.6283320185465043e-16,8.871799288762169e-13
42,0.0318,5.626756723190378e-17,-3.2476380113639376e-16,8.518649142797016e-13
43,0.0318,5.70976738065653e-17,-3.8592234511719874e-16,8.18894858662237e-13
44,0.0318,5.792529495174047e-17,-4.464902579055788e-16,7.880605558717414e-13
45,0.0318,5.875051300059522e-17,-5.065869511988883e-16,7.591651592907282e-13
46,0.0318,5.957208711798635e-17,-5.660837870498485e-16,7.320612604400909e-13
47,0.0318,6.038844567669345e-17,-6.24790115100023e-16,7.066138103753193e-13
48,0.0318,6.119801704949614e-17,-6.825152849909738e-16,6.826877601519025e-13
49,0.0318,6.199922960917398e-17,-7.390686463642643e-16,6.601480608253299e-13
50,0.0318,6.279059573746989e-17,-7.943041530008288e-16,6.388699488467992e-13
2,0.0355,4.013160041329396e-15,5.503420264802322e-13,2.936540031635655e-10
3,0.0355,1.7303371061624776e-15,1.9906516750444138e-13,1.2576748167994638e-10
4,0.0355,6.635257214705864e-16,9.064193289114e-14,7.015825261680006e-11
5,0.0355,2.397047260028872e-16,4.4643209598189996e-14,4.4966642272140923e-11
6,0.0355,1.008500938760639e-16,2.281690625297134e-14,3.133607955676943e-11
7,0.0355,6.034592407219608e-17,1.220599332475343e-14,2.3144877659291268e-11
8,0.0355,4.681248885213414e-17,7.050891667388773e-15,1.7839552649189743e-11
9,0.0355,4.060315954870975e-17,4.559149335696075e-15,1.4201507882973446e-11
10,0.0355,3.7432559736346046e-17,3.3423287232464934e-15,1.15923104826395e-11
11,0.0355,3.591640232602634e-17,2.7157078660762162e-15,9.658449684173801e-12
12,0.0355,3.5246284980410035e-17,2.352012439379944e-15,8.181578894089051e-12
13,0.0355,3.506419505410063e-17,2.1067377619725333e-15,7.0282054070804255e-12
14,0.0355,3.5195048408723416e-17,1.921350992662454e-15,6.109581278613579e-12
15,0.0355,3.554628863816616e-17,1.7735755009395112e-15,5.366181680666026e-12
16,0.0355,3.601796303754898e-17,1.6543319414909698e-15,4.754717336960775e-12
17,0.0355,3.656558376208053e-17,1.5562673433915688e-15,4.246507862694701e-12
18,0.0355,3.716348622682367e-17,1.469683770826631e-15,3.818232913326284e-12
19,0.0355,3.77951851035891e-17,1.387424477166905e-15,3.4545057249878895e-12
20,0.0355,3.844870187255725e-17,1.3042883856557002e-15,3.142738009958822e-12
21,0.0355,3.9120911297591206e-17,1.219524233847843e-15,2.873664695828746e-12
22,0.0355,3.981098309205738e-17,1.1336221813471737e-15,2.6394106733511123e-12
23,0.0355,4.0518413483652984e-17,1.0475882616420596e-15,2.434337470624173e-12
24,0.0355,4.1242837078815545e-17,9.625670710594545e-16,2.2536473081846693e-12
25,0.0355,4.198411548461315e-17,8.797415833961267e-16,2.0936685389785105e-12
26,0.0355,4.274166232480437e-17,7.9984358433217515e-16,1.951189502771169e-12
27,0.0355,4.351287228927939e-17,7.217617296111947e-16,1.823712354197211e-12
28,0.0355,4.42951272562205e-17,6.442360515237258e-16,1.7090696891682855e-12
29,0.0355,4.508777679084699e-17,5.672552184845816e-16,1.6057020538352906e-12
30,0.0355,4.589066238013744e-17,4.911200579396438e-16,1.5122019819089367e-12
31,0.0355,4.6703248548025705e-17,4.160966410057541e-16,1.4272501982854655e-12
32,0.0355,4.752349196626692e-17,3.423120134835974e-16,1.3498801926032482e-12
33,0.0355,4.834897234357152e-17,2.698584648448191e-16,1.2792136456861875e-12
34,0.0355,4.917771836717794e-17,1.988039728263471e-16,1.2144240257068055e-12
35,0.0355,5.0009554638436566e-17,1.2911926822624127e-16,1.1548919502320985e-12
36,0.0355,5.0844754737225796e-17,6.075077010784311e-17,1.1000498241776817e-12
37,0.0355,5.1683203096339394e-17,-6.349032256580768e-18,1.049367229115469e-12
38,0.0355,5.252322756023281e-17,-7.220336875906801e-17,1.002462453242565e-12
39,0.0355,5.336276682627687e-17,-1.3682939908273227e-16,9.58990961412372e-13
40,0.0355,5.419975959184242e-17,-2.00244282910687e-16,9.18608218478294e-13
41,0.0355,5.503254045158531e-17,-2.624937593131152e-16,8.809925117276459e-13
42,0.0355,5.586102758930139e-17,-3.237378849084786e-16,8.459134181833938e-13
43,0.0355,5.668553508607153e-17,-3.841652957023083e-16,8.131633373024166e-13
44,0.0355,5.750637702297661e-17,-4.4396462770013566e-16,7.825346685415927e-13
45,0.0355,5.832364341004618e-17,-5.032682027460488e-16,7.538320888337574e-13
46,0.0355,5.913652797310462e-17,-5.619830860383628e-16,7.269093850155709e-13
47,0.0355,5.994400036692502e-17,-6.199600286139498e-16,7.016326213996504e-13
48,0.0355,6.074503024628045e-17,-6.770497815096818e-16,6.778678622986121e-13
49,0.0355,6.1538587265944e-17,-7.331030957624316e-16,6.554811720250729e-13
50,0.0355,6.232357264210432e-17,-7.879984900436363e-16,6.343487341610831e-13
2,0.0393,4.548174749367148e-15,5.564505858709436e-13,2.9305072416591466e-10
3,0.0393,2.122833276251113e-15,2.0601179266434571e-13,1.256481585157041e-10
4,0.0393,8.741986194362487e-16,9.601108205483082e-14,7.001271134148366e-11
5,0.0393,3.286600962964096e-16,4.843688008016481e-14,4.481563700733416e-11
6,0.0393,1.3227187724685393e-16,2.5311862834835663e-14,3.119923503240601e-11
7,0.0393,7.156676971837033e-17,1.3742346952522516e-14,2.3025514764879794e-11
8,0.0393,5.2149387732846674e-17,7.941650763509943e-15,1.7737360741071504e-11
9,0.0393,4.372365248364673e-17,5.053038543706571e-15,1.411481048005282e-11
10,0.0393,3.924565642946471e-17,3.613095389102225e-15,1.15186664391554e-11
11,0.0393,3.6961444108054757e-17,2.869742261646425e-15,9.595551698723636e-12
12,0.0393,3.58700266814161e-17,2.4488824466338923e-15,8.127450287829723e-12
13,0.0393,3.538672949915453e-17,2.1738546028240475e-15,6.981196403470007e-12
14,0.0393,3.528608034698277e-17,1.967453044799857e-15,6.0683794759331e-12
15,0.0393,3.548128615429606e-17,1.8009719939994863e-15,5.3298300216417636e-12
16,0.0393,3.586610962923891e-17,1.665347694010367e-15,4.722389950560973e-12
17,0.0393,3.636737104561444e-17,1.5528649958271173e-15,4.217551954938261e-12
18,0.0393,3.6936730432764544e-17,1.4572010188607035e-15,3.792157764023118e-12
19,0.0393,3.755139669630304e-17,1.3724252121916378e-15,3.4308915945546364e-12
20,0.0393,3.81958970439844e-17,1.292808210136603e-15,3.1212184210555143e-12
21,0.0393,3.8860468465700033e-17,1.213539231424445e-15,2.8539420829048835e-12
22,0.0393,3.9538934071282646e-17,1.131097454729491e-15,2.62125311101499e-12
23,0.0393,4.0233751668193216e-17,1.0462033140958304e-15,2.4175499375741226e-12
24,0.0393,4.094827705618769e-17,9.606823236919868e-16,2.2380643048773416e-12
25,0.0393,4.168082330657344e-17,8.765390628144595e-16,2.079153294370748e-12
26,0.0393,4.242880958948534e-17,7.953626425662228e-16,1.9376308326036136e-12
27,0.0393,4.319112219881673e-17,7.169012361481642e-16,1.8110128873868437e-12
28,0.0393,4.396676574795971e-17,6.404481354603983e-16,1.69714296145657e-12
29,0.0393,4.4753751004542826e-17,5.653180451020207e-16,1.594472655988197e-12
30,0.0393,4.5549840274753764e-17,4.908310228468731e-16,1.5016055967669488e-12
31,0.0393,4.6353193056979096e-17,4.1650993431357954e-16,1.417232419301445e-12
32,0.0393,4.7163557618401106e-17,3.4268887649989265e-16,1.3403917979938945e-12
33,0.0393,4.7981079418401e-17,2.6990475424834753e-16,1.2702094169699028e-12
34,0.0393,4.880548642987993e-17,1.98599234807234e-16,1.2058628425529167e-12
35,0.0393,4.963483667981891e-17,1.2883303504786395e-16,1.1467371698577465e-12
36,0.0393,5.046677070871892e-17,6.057163424730622e-17,1.092269376197043e-12
37,0.0393,5.129920870671786e-17,-6.230890017467098e-18,1.0419332406311317e-12
38,0.0393,5.2131189462501386e-17,-7.166606696986078e-17,9.953497492110311e-13
39,0.0393,5.296203141439206e-17,-1.3583682753337477e-16,9.521766897354336e-13
40,0.0393,5.3791053000712446e-17,-1.9884610263150861e-16,9.120718500030315e-13
41,0.0393,5.461760891555644e-17,-2.6079494596158184e-16,8.747156110945246e-13
42,0.0393,5.544119887610321e-17,-3.217769023161912e-16,8.398787272186427e-13
43,0.0393,5.626135885530325e-17,-3.8188363926175255e-16,8.073545458661235e-13
44,0.0393,5.707762482610704e-17,-4.412068243646819e-16,7.769364145277043e-13
45,0.0393,5.788946053864962e-17,-4.998154907430617e-16,7.484300547237717e-13
46,0.0393,5.869604085180417e-17,-5.5768813372164e-16,7.216906840933097e-13
47,0.0393,5.94964684016284e-17,-6.147806141768317e-16,6.965858943049515e-13
48,0.0393,6.028984582418003e-17,-6.710487929850504e-16,6.729832770273303e-13
49,0.0393,6.107527575551675e-17,-7.264485310227116e-16,6.507504239290791e-13
50,0.0393,6.185183332931335e-17,-7.809326151043572e-16,6.297647882220655e-13
2,0.043,5.070312388096431e-15,5.617993904703385e-13,2.928778971652914e-10
3,0.043,2.5281155936286487e-15,2.117237205108455e-13,1.2554890705789728e-10
4,0.043,1.1084313439298142e-15,1.0058643708248424e-13,6.98751475659307e-11
5,0.043,4.3628855221807324e-16,5.1780288573185097e-14,4.467821949296743e-11
6,0.043,1.731231781662527e-16,2.7575313564452033e-14,3.107263069855912e-11
7,0.043,8.609114298635468e-17,1.51767353781556e-14,2.291389737705959e-11
8,0.043,5.854708662781342e-17,8.798008355584764e-15,1.764095175160296e-11
9,0.043,4.745765813494079e-17,5.539996844748656e-15,1.4032419162617271e-11
10,0.043,4.1505271324225534e-17,3.884083441530794e-15,1.1448323895203123e-11
11,0.043,3.8273896445807546e-17,3.0246929397322994e-15,9.535296668277091e-12
12,0.043,3.667408233369146e-17,2.5459542443057775e-15,8.075525136329669e-12
13,0.043,3.5890995233186373e-17,2.242119447857771e-15,6.936072630410569e-12
14,0.043,3.5540487327701006e-17,2.0179519115051743e-15,6.028840126385087e-12
15,0.043,3.5525372356493046e-17,1.836519090618867e-15,5.294914431143401e-12
16,0.043,3.577665555236878e-17,1.6856742728314273e-15,4.69134434990064e-12
17,0.043,3.620829461427314e-17,1.558434248462323e-15,4.189723328907361e-12
18,0.043,3.673646514405935e-17,1.451987677630703e-15,3.767091500084061e-12
19,0.043,3.732669058289547e-17,1.3610094361793057e-15,3.4082039950254455e-12
20,0.043,3.7958574206709994e-17,1.279411990863673e-15,3.1005596335657e-12
21,0.043,3.861665387766549e-17,1.2018558028295284e-15,2.835020060708938e-12
22,0.043,3.9289334128718743e-17,1.1238429862917144e-15,2.6038345614683366e-12
23,0.043,3.997555158976923e-17,1.0434942733513623e-15,2.4014401557233915e-12
24,0.043,4.0676948232018026e-17,9.602577195226352e-16,2.223102172704177e-12
25,0.043,4.1395455294929877e-17,8.76272056085525e-16,2.065211444176763e-12
26,0.043,4.213224905073244e-17,7.939366615648183e-16,1.924610796035445e-12
27,0.043,4.288519663444115e-17,7.140028276986532e-16,1.798825528151421e-12
28,0.043,4.36515825288949e-17,6.366420479377007e-16,1.6857045495986084e-12
29,0.043,4.442966974543859e-17,5.613547093694212e-16,1.5837087322848962e-12
30,0.043,4.5217965927543646e-17,4.874734224904711e-16,1.491451938826668e-12
31,0.043,4.601505143494515e-17,4.144401769734299e-16,1.4076341061791305e-12
32,0.043,4.681979749243267e-17,3.421344791945668e-16,1.3312994686527856e-12
33,0.043,4.763114804105942e-17,2.705452147060741e-16,1.2615783348969608e-12
34,0.043,4.8448026554793964e-17,1.9971297348300914e-16,1.1976529941711044e-12
35,0.043,4.926927463926628e-17,1.2988516319189403e-16,1.1389136581751503e-12
36,0.043,5.00937134330217e-17,6.136089592211639e-17,1.0848025192191544e-12
37,0.043,5.092013787893397e-17,-5.6277336563242156e-18,1.0347979570584006e-12
38,0.043,5.1747238137190595e-17,-7.111670055098252e-17,9.885231012290869e-13
39,0.043,5.2573678172307483e-17,-1.3520899718880252e-16,9.4563726871264e-13
40,0.043,5.3398121948800583e-17,-1.98007615996727e-16,9.057997764904861e-13
41,0.043,5.421944402888362e-17,-2.59621802299166e-16,8.686925118835024e-13
42,0.043,5.503736136556162e-17,-3.2018581301039384e-16,8.340876435703703e-13
43,0.043,5.585180150953738e-17,-3.7984015794215136e-16,8.017799105692221e-13
44,0.043,5.666269201151375e-17,-4.387253469061794e-16,7.715640518981901e-13
45,0.043,5.746974742504243e-17,-4.969444791114899e-16,7.432470981258711e-13
46,0.043,5.827183031507059e-17,-5.544510113561811e-16,7.166852460227235e-13
47,0.043,5.906759024939429e-17,-6.1116098983562345e-16,6.917469839096704e-13
48,0.043,5.98556767958096e-17,-6.669904607451864e-16,6.68300800107635e-13
49,0.043,6.063473952211255e-17,-7.218554702802402e-16,6.462151829375402e-13
50,0.043,6.140358647886454e-17,-7.756866667368634e-16,6.253684455534254e-13
2,0.0468,5.604568562627451e-15,5.663499438401729e-13,2.928457809156456e-10
3,0.0468,2.963708185782448e-15,2.167111441861281e-13,1.2545548630419832e-10
4,0.0468,1.3765699653628806e-15,1.0474174589000501e-13,6.974563839275482e-11
5,0.0468,5.689306075977493e-16,5.4903878700310266e-14,4.4545149531347934e-11
6,0.0468,2.2724672717171636e-16,2.9745230598948524e-14,3.0948705289859205e-11
7,0.0468,1.0580753495431451e-16,1.6585877428961794e-14,2.2803679839063035e-11
8,0.0468,6.66628886092392e-17,9.658120717409454e-15,1.7545023356767085e-11
9,0.0468,5.202601231993638e-17,6.038081150900365e-15,1.3949919441739336e-11
10,0.0468,4.438569380058994e-17,4.16417088511057e-15,1.1377549308060897e-11
11,0.0468,3.99844687027914e-17,3.185005811125981e-15,9.474421674000654e-12
12,0.0468,3.7700387759042384e-17,2.645785880782201e-15,8.022965280591234e-12
13,0.0468,3.657334706188852e-17,2.3128983674277996e-15,6.8903401887210894e-12
14,0.0468,3.598180020085564e-17,2.073044515185637e-15,5.988771528987406e-12
15,0.0468,3.572767931312911e-17,1.8791213322549126e-15,5.2595222570820606e-12
16,0.0468,3.578133160527909e-17,1.7149379841209786e-15,4.659879867264885e-12
17,0.0468,3.609189107451053e-17,1.5734773638017534e-15,4.1615256171165005e-12
18,0.0468,3.655750931396421e-17,1.4541418465096475e-15,3.741694991984527e-12
19,0.0468,3.7116370523057995e-17,1.3535391301817363e-15,3.3852166297900507e-12
20,0.0468,3.772651131127342e-17,1.2669133327039885e-15,3.0796251442749415e-12
21,0.0468,3.837111438766755e-17,1.1885833668473214e-15,2.815842732993455e-12
22,0.0468,3.9039829898299604e-17,1.1130916252992104e-15,2.5861801465705846e-12
23,0.0468,3.972303163766175e-17,1.0367996255284182e-15,2.3851147641018987e-12
24,0.0468,4.041410754053562e-17,9.57381465453729e-16,2.207945978385596e-12
25,0.0468,4.1117778454427706e-17,8.759424400127225e-16,2.0510946085598137e-12
26,0.0468,4.1839918299258396e-17,7.9430245271924975e-16,1.91142902519358e-12
27,0.0468,4.2579680371878666e-17,7.137086443734537e-16,1.7864863782395447e-12
28,0.0468,4.333466451502417e-17,6.350741758126026e-16,1.6741242073542111e-12
29,0.0468,4.410297737803877e-17,5.585490507361724e-16,1.5728128316258735e-12
30,0.0468,4.4882852311918347e-17,4.840924835591914e-16,1.4811757650007757e-12
31,0.0468,4.5672557310238233e-17,4.115786096352691e-16,1.3979216997046504e-12
32,0.0468,4.647049893689148e-17,3.4054124807234164e-16,1.3221000410811858e-12
33,0.0468,4.72751183983506e-17,2.704291389169272e-16,1.2528453727535616e-12
34,0.0468,4.808498915063467e-17,2.0081823775416753e-16,1.1893445893512505e-12
35,0.0468,4.889921364794908e-17,1.3179336232370133e-16,1.1309938295289015e-12
36,0.0468,4.971702659404585e-17,6.356654590379222e-17,1.0772415429474586e-12
37,0.0468,5.053750304425099e-17,-3.65543086737266e-18,1.0275715179874519e-12
38,0.0468,5.135907946018647e-17,-6.968679791190958e-17,9.816088979077602e-13
39,0.0468,5.218003265504829e-17,-1.3434703779201032e-16,9.390141646868487e-13
40,0.0468,5.2998639442032466e-17,-1.9745563306986804e-16,8.994478003031824e-13
41,0.0468,5.3813523703350926e-17,-2.5891736568711654e-16,8.625929173065098e-13
42,0.0468,5.462469759727946e-17,-3.18978215103159e-16,8.282231505317095e-13
43,0.0468,5.5432520351109796e-17,-3.7796946015684074e-16,7.961347653849433e-13
44,0.0468,5.623735119213367e-17,-4.362223796870068e-16,7.661240272723731e-13
45,0.0468,5.703919680193941e-17,-4.939838888587143e-16,7.379993610865343e-13
46,0.0468,5.783665367930172e-17,-5.511634481418664e-16,7.116178296654591e-13
47,0.0468,5.862796577729193e-17,-6.075861543325768e-16,6.868486553335538e-13
48,0.0468,5.941137704898131e-17,-6.630771042269605e-16,6.635610604152245e-13
49,0.0468,6.01851314474412e-17,-7.174613946211312e-16,6.416242672348776e-13
50,0.0468,6.094774899801297e-17,-7.706097789966368e-16,6.209173565270673e-13
2,0.0505,6.1222075364631826e-15,5.703702195530044e-13,2.930156691675172e-10
3,0.0505,3.403168045351912e-15,2.2086494165538697e-13,1.253710753322637e-10
4,0.0505,1.6621066491943686e-15,1.0833954089617103e-13,6.963113513551094e-11
5,0.0505,7.195547206479882e-16,5.767462640011387e-14,4.442303749040832e-11
6,0.0505,2.9305392603769523e-16,3.17185853208198e-14,3.083347181499565e-11
7,0.0505,1.3079421733997617e-16,1.7897611948010954e-14,2.2700419695341748e-11
8,0.0505,7.651164373944418e-17,1.0474310744361532e-14,1.7454533791042967e-11
9,0.0505,5.722941135222442e-17,6.517111752356333e-15,1.3871615559806291e-11
10,0.0505,4.774851709695481e-17,4.434379843680691e-15,1.1310096555788276e-11
11,0.0505,4.2068956386963795e-17,3.3382537593044545e-15,9.416185489617907e-12
12,0.0505,3.8929070886556613e-17,2.7397369944727514e-15,7.972554756788276e-12
13,0.0505,3.737107924806874e-17,2.3794160845766896e-15,6.846403773077125e-12
14,0.0505,3.655396480593255e-17,2.127092286999996e-15,5.950245480166226e-12
15,0.0505,3.609279289837511e-17,1.923895536483667e-15,5.2254948020462305e-12
16,0.0505,3.59188237598777e-17,1.7495418868996734e-15,4.629626397367556e-12
17,0.0505,3.605519574939792e-17,1.5964231770989445e-15,4.134428797166632e-12
18,0.0505,3.642258574762119e-17,1.4641878047744174e-15,3.717292680153605e-12
19,0.0505,3.693204742758448e-17,1.3522124293046413e-15,3.363120222881239e-12
20,0.0505,3.751204376771161e-17,1.2584081350156652e-15,3.059495160992031e-12
21,0.0505,3.813874243859462e-17,1.1767596801662815e-15,2.797400555857194e-12
22,0.0505,3.8799805124906296e-17,1.1008612481509916e-15,2.5692057244641825e-12
23,0.0505,3.9481164875474315e-17,1.0266710489743832e-15,2.369425680536684e-12
24,0.0505,4.0170975995662133e-17,9.51282837177752e-16,2.19339039249043e-12
25,0.0505,4.0868006452821637e-17,8.739685188391345e-16,2.037543950773097e-12
26,0.0505,4.157447242150946e-17,7.948093922404069e-16,1.898775137667754e-12
27,0.0505,4.229576924311292e-17,7.149461729420662e-16,1.7746373807670983e-12
28,0.0505,4.3036412938543996e-17,6.356698886245431e-16,1.6630022507530665e-12
29,0.0505,4.379422307998276e-17,5.578133981693872e-16,1.5623492453549223e-12
30,0.0505,4.456534512742627e-17,4.820950182584302e-16,1.4713098440637614e-12
31,0.0505,4.534637190597111e-17,4.090079063287217e-16,1.388599936436183e-12
32,0.0505,4.6135685701111824e-17,3.381445828381945e-16,1.3132730522907986e-12
33,0.0505,4.6932116163442484e-17,2.68872409000002e-16,1.2444671315117233e-12
34,0.0505,4.7734543035687e-17,2.0062090257559548e-16,1.1813730071782994e-12
35,0.0505,4.85420464290887e-17,1.3306820751962325e-16,1.1233930851507779e-12
36,0.0505,4.9353756547020767e-17,6.595462433503263e-17,1.069982664484637e-12
37,0.0505,5.016862224108017e-17,-8.604288020877952e-19,1.020631446695113e-12
38,0.0505,5.0984866955759084e-17,-6.704106302308184e-17,9.749667431364688e-13
39,0.0505,5.1800532783773484e-17,-1.321322717861521e-16,9.326502676227253e-13
40,0.0505,5.2613661817839324e-17,-1.9567904854950058e-16,8.933437339679033e-13
41,0.0505,5.342270840532094e-17,-2.573636095000619e-16,8.567314623611899e-13
42,0.0505,5.422777591217611e-17,-3.17417061739699e-16,8.225881984924399e-13
43,0.0505,5.5029379959010977e-17,-3.7620773509900724e-16,7.907112944266746e-13
44,0.0505,5.582803616643167e-17,-4.341039594085821e-16,7.608981022289154e-13
45,0.0505,5.662386790541126e-17,-4.913899282164751e-16,7.329581099142712e-13
46,0.0505,5.741542954839043e-17,-5.480132899405639e-16,7.067493492982001e-13
47,0.0505,5.820088321817683e-17,-6.038375567161822e-16,6.821419881462485e-13
48,0.0505,5.897839103757804e-17,-6.587262406786646e-16,6.590061942239616e-13
49,0.0505,5.974611512940172e-17,-7.125428539633447e-16,6.372121352968855e-13
50,0.0505,6.050250436480607e-17,-7.651875378047837e-16,6.166397876011305e-13
2,0.0561,6.89442771962987e-15,5.735167058206061e-13,2.928655218520893e-10
3,0.0561,4.0912817895324044e-15,2.2607936127036375e-13,1.2525598763308152e-10
4,0.0561,2.1352060340972948e-15,1.1306273336143732e-13,6.946372153653344e-11
5,0.0561,9.8694970800471e-16,6.144065426931398e-14,4.4248670685100565e-11
6,0.0561,4.192956747484251e-16,3.4474640447172583e-14,3.066828986680176e-11
7,0.0561,1.8187397166375765e-16,1.9776556859511818e-14,2.255106066974454e-11
8,0.0561,9.634411166642487e-17,1.1669577374590346e-14,1.7322728943143518e-11
9,0.0561,6.677913873463838e-17,7.227740085038828e-15,1.375679962083324e-11
10,0.0561,5.3856015205229404e-17,4.8346123344629295e-15,1.121070125210789e-11
11,0.0561,4.6104140960018947e-17,3.559828112559455e-15,9.33001253465889e-12
12,0.0561,4.135665256985346e-17,2.870302346984309e-15,7.897743626212867e-12
13,0.0561,3.884889720796627e-17,2.470092030788335e-15,6.78108455708035e-12
14,0.0561,3.7612203136584416e-17,2.202194391426216e-15,5.892863961412418e-12
15,0.0561,3.6899484635851526e-17,1.9918726762662007e-15,5.174777287405983e-12
16,0.0561,3.6426616347456166e-17,1.8089933831150196e-15,4.584480308943328e-12
17,0.0561,3.623219974106374e-17,1.6424381656756618e-15,4.0940023163024574e-12
18,0.0561,3.635088195692087e-17,1.4937133131332174e-15,3.680883577424096e-12
19,0.0561,3.6709976728111826e-17,1.3644998755047694e-15,3.3301369135278462e-12
20,0.0561,3.7219299361944574e-17,1.2550274423626022e-15,3.029449489659166e-12
21,0.0561,3.781569940815901e-17,1.1623061277689758e-15,2.769888755651792e-12
22,0.0561,3.8451831531790956e-17,1.0821666537917373e-15,2.543898730146018e-12
23,0.0561,3.9116536616628014e-17,1.0089416500311023e-15,2.3460494222200933e-12
24,0.0561,3.9805305749889914e-17,9.373549963821928e-16,2.1717166765376327e-12
25,0.0561,4.0504044613773236e-17,8.6519366638737805e-16,2.017373689665765e-12
26,0.0561,4.120086549552255e-17,7.91264852346651e-16,1.879935539309199e-12
27,0.0561,4.190229250759768e-17,7.153935279432585e-16,1.7569874758194605e-12
28,0.0561,4.2617631326762154e-17,6.378851733754728e-16,1.646430303072244e-12
29,0.0561,4.334890206177902e-17,5.599495135184149e-16,1.5467568663931114e-12
30,0.0561,4.40963034294112e-17,4.830223344164199e-16,1.4566080214700906e-12
31,0.0561,4.485944190706561e-17,4.083000603956632e-16,1.374708536073554e-12
32,0.0561,4.5635555014725185e-17,3.3602166890968653e-16,1.3001188263032473e-12
33,0.0561,4.6421288033016834e-17,2.6618677569387247e-16,1.231983220341261e-12
34,0.0561,4.7213660546889866e-17,1.9865346780889895e-16,1.1694991824751772e-12
35,0.0561,4.801118935858321e-17,1.3271371761662644e-16,1.1120767214145476e-12
36,0.0561,4.881276557465818e-17,6.751796880420986e-17,1.059178981974416e-12
37,0.0561,4.9617204719146243e-17,2.417204379585213e-18,1.0103027281358564e-12
38,0.0561,5.042301998595936e-17,-6.243543536618738e-17,9.650792005440632e-13
39,0.0561,5.1228648986479625e-17,-1.266862708212667e-16,9.231732590102608e-13
40,0.0561,5.2032529332089146e-17,-1.8998162237381192e-16,8.842497633456735e-13
41,0.0561,5.283334936630721e-17,-2.5203160210639626e-16,8.479959045368569e-13
42,0.0561,5.363080036120188e-17,-3.1280148887925023e-16,8.14188198271692e-13
43,0.0561,5.4424824320978416e-17,-3.723203532470181e-16,7.826254914133902e-13
44,0.0561,5.521536324984207e-17,-4.3061726576434467e-16,7.531066308251631e-13
45,0.0561,5.600214801008491e-17,-4.877259050145208e-16,7.254425474626306e-13
46,0.0561,5.678406489634629e-17,-5.436983816954229e-16,6.994925086510441e-13
47,0.0561,5.755978906135244e-17,-5.98591414533573e-16,6.751278658080633e-13
48,0.0561,5.832799565782949e-17,-6.52461722255494e-16,6.522199703513474e-13
49,0.0561,5.908735983850365e-17,-7.053660235877081e-16,6.306401736985555e-13
50,0.0561,5.983664352815803e-17,-7.573477828030605e-16,6.102695845645181e-13
2,0.058,7.161197583975982e-15,5.776105977154967e-13,2.9388126656881413e-10
3,0.058,4.330042738054753e-15,2.2761211113789787e-13,1.252277188769956e-10
4,0.058,2.305949712174225e-15,1.145021336401951e-13,6.941295449708444e-11
5,0.058,1.088216528354386e-15,6.261405120055824e-14,4.419481806205512e-11
6,0.058,4.697781063983722e-16,3.5351022235704085e-14,3.061505857478252e-11
7,0.058,2.033632495408182e-16,2.038707857258178e-14,2.250234662347274e-11
8,0.058,1.0476322254748029e-16,1.2066198995275262e-14,1.7279405961694672e-11
9,0.058,7.058327412955562e-17,7.466640540654476e-15,1.371881217942336e-11
10,0.058,5.620077896426231e-17,4.967948698822106e-15,1.117765270172817e-11
11,0.058,4.7718565886096475e-17,3.6317099137694196e-15,9.301299989275022e-12
12,0.058,4.2368182560080305e-17,2.9106792179109555e-15,7.87273970099594e-12
13,0.058,3.944664359753896e-17,2.4969886117116667e-15,6.7592349351208065e-12
14,0.058,3.801259219535569e-17,2.225332030453299e-15,5.873653447932332e-12
15,0.058,3.722134419078457e-17,2.013980351881875e-15,5.157783287131478e-12
16,0.058,3.667320400050785e-17,1.829049656587759e-15,4.569351643884194e-12
17,0.058,3.636531043084134e-17,1.6602995869673336e-15,4.080446867524561e-12
18,0.058,3.6376250279001727e-17,1.5072853476460818e-15,3.668669938516643e-12
19,0.058,3.665875413602605e-17,1.3722741506753359e-15,3.3190710608207823e-12
20,0.058,3.713169465353874e-17,1.2569558288203098e-15,3.0193677440309046e-12
21,0.058,3.7714351114128206e-17,1.1594726583221246e-15,2.7606553011291575e-12
22,0.058,3.8339776888525527e-17,1.0765066694042787e-15,2.5354035337808254e-12
23,0.058,3.899571506906834e-17,1.0024464647438722e-15,2.3382023949955073e-12
24,0.058,3.968030857055975e-17,9.317405312565116e-16,2.164443974572199e-12
25,0.058,4.037860987605799e-17,8.613703203582243e-16,2.0106087581231775e-12
26,0.058,4.107648477518671e-17,7.892979895997576e-16,1.8736181841574375e-12
27,0.058,4.177614271557592e-17,7.148755565703112e-16,1.7510691069575555e-12
28,0.058,4.248356924788527e-17,6.381344203495036e-16,1.6408735365183984e-12
29,0.058,4.320351067688651e-17,5.604336459401702e-16,1.5415286899104001e-12
30,0.058,4.394040349587942e-17,4.834642148259507e-16,1.4516780859728883e-12
31,0.058,4.4697015678424957e-17,4.086240147360787e-16,1.3700492253693769e-12
32,0.058,4.546944111912873e-17,3.361385583821678e-16,1.2957055360601292e-12
33,0.058,4.625210519285755e-17,2.659402647214261e-16,1.2277944278295951e-12
34,0.058,4.704031803210499e-17,1.9788048031853324e-16,1.1655161926110346e-12
35,0.058,4.783292879987188e-17,1.3148626216805717e-16,1.1082826509329413e-12
36,0.058,4.8629671416785846e-17,6.62035948720378e-17,1.055558505472618e-12
37,0.058,4.9430013121686014e-17,1.5810332399264133e-18,1.0068420703756795e-12
38,0.058,5.023235442625751e-17,-6.242258708918024e-17,9.617661056609862e-13
39,0.058,5.103482916039694e-17,-1.2574586026877366e-16,9.199969828157107e-13
40,0.058,5.1835571154000944e-17,-1.883273804523454e-16,8.812010733270245e-13
41,0.058,5.2633046995029486e-17,-2.5009431288809965e-16,8.450668948144008e-13
42,0.058,5.342705430369597e-17,-3.1092810720308957e-16,8.113715494265133e-13
43,0.058,5.421772345827718e-17,-3.706987841190809e-16,7.799142854443365e-13
44,0.058,5.500518483704989e-17,-4.2927636435783933e-16,7.504943511488448e-13
45,0.058,5.578932239324586e-17,-4.865642725308148e-16,7.229230694151874e-13
46,0.058,5.656903437991686e-17,-5.425995488081951e-16,6.970600614952129e-13
47,0.058,5.734297262506964e-17,-5.97452637249853e-16,6.727770232349453e-13
48,0.058,5.810978895671094e-17,-6.511939819156604e-16,6.499456504804079e-13
49,0.058,5.886813520284754e-17,-7.038940268654897e-16,6.284376390776248e-13
50,0.058,5.961669880910284e-17,-7.556092162500554e-16,6.081344400685187e-13
2,0.0617,7.655194476044762e-15,5.756982456409873e-13,2.9286833570833334e-10
3,0.0617,4.799157993835618e-15,2.302656143922595e-13,1.251538632764264e-10
4,0.0617,2.650377112752803e-15,1.1707741761726568e-13,6.93130929525418e-11
5,0.0617,1.2990177033807864e-15,6.47531193247711e-14,4.408785501177032e-11
6,0.0617,5.789426201870654e-16,3.697685255350601e-14,3.051366669986635e-11
7,0.0617,2.5167543943939423e-16,2.1535021324176674e-14,2.2409765902414754e-11
8,0.0617,1.240493929664845e-16,1.2818223890272282e-14,1.719695532669556e-11
9,0.0617,7.897307870344723e-17,7.9228344088531e-15,1.3646438553297927e-11
10,0.0617,6.115414200539458e-17,5.225256030687957e-15,1.1114597360261882e-11
11,0.0617,5.118431068266106e-17,3.76823296189395e-15,9.24631952291873e-12
12,0.0617,4.4634886585410794e-17,2.9835366747646025e-15,7.824787851449206e-12
13,0.0617,4.0790427223942135e-17,2.542906598131909e-15,6.717243401796756e-12
14,0.0617,3.886914441814798e-17,2.2631678713221865e-15,5.836651637706679e-12
15,0.0617,3.789309164382781e-17,2.0521155898153055e-15,5.1250558848179505e-12
16,0.0617,3.723089926328416e-17,1.868700763515217e-15,4.540185491072252e-12
17,0.0617,3.6745924462780645e-17,1.6964243511256373e-15,4.0543236493235485e-12
18,0.0617,3.653700789788247e-17,1.5362521399341917e-15,3.6451358116757666e-12
19,0.0617,3.6626922607557557e-17,1.391978156877673e-15,3.297742696027301e-12
20,0.0617,3.6989636772144065e-17,1.2664304772631998e-15,2.9999416309044503e-12
21,0.0617,3.7522555192977977e-17,1.159374337219563e-15,2.742880422412615e-12
22,0.0617,3.812300615531848e-17,1.069063908165289e-15,2.5190710648101287e-12
23,0.0617,3.876457525911973e-17,9.907719418561682e-16,2.323131827387957e-12
24,0.0617,3.9439006280918257e-17,9.193306479267256e-16,2.150478835532536e-12
25,0.0617,4.013441838888517e-17,8.507914871891583e-16,1.997613363979544e-12
26,0.0617,4.083872144193951e-17,7.819367927768906e-16,1.8614774062751076e-12
27,0.0617,4.1542612670357634e-17,7.11253135930586e-16,1.7396906818579067e-12
28,0.0617,4.224087026007789e-17,6.380183823592983e-16,1.6301857718232328e-12
29,0.0617,4.294180884832925e-17,5.629713375384123e-16,1.5314689780002684e-12
30,0.0617,4.3657127185163335e-17,4.87216041884894e-16,1.4421900324016702e-12
31,0.0617,4.439550601237699e-17,4.1183550780644803e-16,1.3610823081143254e-12
32,0.0617,4.5153554038747785e-17,3.3782863567372987e-16,1.2872137425220438e-12
33,0.0617,4.592486196479855e-17,2.6617329784813156e-16,1.2197359140828665e-12
34,0.0617,4.670392671797866e-17,1.9754425822588345e-16,1.1578533303522573e-12
35,0.0617,4.748887013344389e-17,1.3140384684256354e-16,1.1009822152753718e-12
36,0.0617,4.8278720273276574e-17,6.69112852685883e-17,1.0485917218947889e-12
37,0.0617,4.90723842307913e-17,3.3469123298485294e-18,1.0001841772290135e-12
38,0.0617,4.9868285224231596e-17,-5.952446412586324e-17,9.553946042002556e-13
39,0.0617,5.0664725503073184e-17,-1.2181691899527938e-16,9.138911997066513e-13
40,0.0617,5.14600073167918e-17,-1.8364452717513183e-16,8.753421606463373e-13
41,0.0617,5.225265600530446e-17,-2.450582560936953e-16,8.394377836016076e-13
42,0.0617,5.30420892702931e-17,-3.0585664330541556e-16,8.059567638913892e-13
43,0.0617,5.382794790388097e-17,-3.6577511889628084e-16,7.746998965187672e-13
44,0.0617,5.460987269819128e-17,-4.2454911295227864e-16,7.454679764868268e-13
45,0.0617,5.538741679618175e-17,-4.819702579100802e-16,7.180737052679043e-13
46,0.0617,5.615978274414804e-17,-5.380549956090871e-16,6.923774102113404e-13
47,0.0617,5.692608543922036e-17,-5.928759702393836e-16,6.682513251357281e-13
48,0.0617,5.768543977852884e-17,-6.465058259910541e-16,6.455676838596593e-13
49,0.0617,5.84369606592037e-17,-6.990172070541828e-16,6.241987202017263e-13
50,0.0617,5.917968570405838e-17,-7.504722656032465e-16,6.040264190025558e-13
2,0.0654,8.155134299475804e-15,5.785318226108514e-13,2.9347154296351843e-10
3,0.0654,5.275023063329559e-15,2.3257825672902245e-13,1.250956903166922e-10
4,0.0654,3.0108866004499123e-15,1.194215114606364e-13,6.92320317291376e-11
5,0.0654,1.5282478401159692e-15,6.672773117580684e-14,4.398954057259122e-11
6,0.0654,7.031275336610853e-16,3.850560646123378e-14,3.041694396749866e-11
7,0.0654,3.093567998722397e-16,2.263628258449887e-14,2.232062790187433e-11
8,0.0654,1.4780493496466017e-16,1.35537136053889e-14,1.711701078737194e-11
9,0.0654,8.899572057175938e-17,8.37550992542704e-15,1.357584886049639e-11
10,0.0654,6.668519006421528e-17,5.479385062195659e-15,1.1052814187525692e-11
11,0.0654,5.506712298626492e-17,3.8998419297530766e-15,9.192308574141752e-12
12,0.0654,4.731164116604078e-17,3.049315892518063e-15,7.777556570176668e-12
13,0.0654,4.242620940453453e-17,2.579653706517327e-15,6.675845457845413e-12
14,0.0654,3.985390197125482e-17,2.2932360594341423e-15,5.800147069006143e-12
15,0.0654,3.861273227418093e-17,2.0851903613388573e-15,5.0927283685807e-12
16,0.0654,3.786356881490208e-17,1.9047181676965733e-15,4.511376644693051e-12
17,0.0654,3.7249477833443335e-17,1.7324505903080572e-15,4.028506134937036e-12
18,0.0654,3.683292894996856e-17,1.568586633749507e-15,3.6218658907272692e-12
19,0.0654,3.670626252278031e-17,1.417073381246246e-15,3.276650152964502e-12
20,0.0654,3.69127470378906e-17,1.2815066323982511e-15,2.9807277711106156e-12
21,0.0654,3.7355534734253303e-17,1.1640244096011643e-15,2.725297025224758e-12
22,0.0654,3.7918081685553385e-17,1.0652760085346551e-15,2.502912031886051e-12
23,0.0654,3.854517555145829e-17,9.814135952188478e-16,2.3082208231562444e-12
24,0.0654,3.9203681405683534e-17,9.076030687869836e-16,2.1366645020144704e-12
25,0.0654,3.988744239215438e-17,8.395623904843173e-16,1.98476253962677e-12
26,0.0654,4.059332310379858e-17,7.733969363540727e-16,1.849474720298651e-12
27,0.0654,4.130329585934409e-17,7.062096795193253e-16,1.7284437127065871e-12
28,0.0654,4.20013560277295e-17,6.359823706214712e-16,1.6196231741775746e-12
29,0.0654,4.2694483452935805e-17,5.632142732953374e-16,1.5215278322697283e-12
30,0.0654,4.3395404097704664e-17,4.890340294241083e-16,1.4328126820989437e-12
31,0.0654,4.4114367849699703e-17,4.1454249044892513e-16,1.3522165258457305e-12
32,0.0654,4.485172029627265e-17,3.407293460427653e-16,1.2788133939490529e-12
33,0.0654,4.560533094969726e-17,2.6855649543656333e-16,1.2117611239124903e-12
34,0.0654,4.637277752184898e-17,1.9878258191119025e-16,1.1502699437548099e-12
35,0.0654,4.7150470523010085e-17,1.3135322494726116e-16,1.0937596435555346e-12
36,0.0654,4.7934528663064565e-17,6.601078807532781e-17,1.0417024039093756e-12
37,0.0654,4.872154825173595e-17,2.4706572428300617e-18,9.936033520411205e-13
38,0.0654,4.951003599810601e-17,-5.965969193523468e-17,9.490994016958583e-13
39,0.0654,5.0298976211096e-17,-1.2079976142697952e-16,9.078604132487543e-13
40,0.0654,5.108735319962723e-17,-1.8136905320051736e-16,8.695562470749737e-13
41,0.0654,5.1874184125358906e-17,-2.4168052733023064e-16,8.338789024474364e-13
42,0.0654,5.265861756090194e-17,-3.016209763155778e-16,8.006089342300839e-13
43,0.0654,5.343983493160515e-17,-3.6097065076228715e-16,7.695490361846125e-13
44,0.0654,5.4217017662817357e-17,-4.195098012760858e-16,7.405019020727187e-13
45,0.0654,5.498934168363961e-17,-4.77041104245487e-16,7.132818839372707e-13
46,0.0654,5.575596093818184e-17,-5.334569391901415e-16,6.877499669458243e-13
47,0.0654,5.65160238743062e-17,-5.88672111412487e-16,6.637787945471065e-13
48,0.0654,5.726867893987483e-17,-6.42601426214959e-16,6.412410101898451e-13
49,0.0654,5.80130745827499e-17,-6.951596888999944e-16,6.200092573227674e-13
50,0.0654,5.874834363997731e-17,-7.46298664705122e-16,5.99965951857873e-13
2,0.0692,8.650849719951516e-15,5.759617426876194e-13,2.9261646967570737e-10
3,0.0692,5.7672125812482166e-15,2.3461596469281057e-13,1.250418473545887e-10
4,0.0692,3.3941337526485097e-15,1.215589265166348e-13,6.913434262700423e-11
5,0.0692,1.780648895069203e-15,6.859594278709042e-14,4.389218849890252e-11
6,0.0692,8.456419368062345e-16,3.9977917219466064e-14,3.032206054502696e-11
7,0.0692,3.7863935535598763e-16,2.371544923783978e-14,2.2232627797811482e-11
8,0.0692,1.7741626420750133e-16,1.4288096307616563e-14,1.7037660163884357e-11
9,0.0692,1.0132675436147649e-16,8.833218968415382e-15,1.3505487982976747e-11
10,0.0692,7.304366764404014e-17,5.738947073919676e-15,1.0991009060266484e-11
11,0.0692,5.943489912697722e-17,4.0316909589662535e-15,9.138175627421146e-12
12,0.0692,5.0458863909665175e-17,3.1096134688444886e-15,7.73007246531785e-12
13,0.0692,4.4444399359217147e-17,2.6087020779128488e-15,6.634156991836035e-12
14,0.0692,4.104215794685033e-17,2.3150586111753275e-15,5.763313048762175e-12
15,0.0692,3.94121127718052e-17,2.1101258752121016e-15,5.060056403523847e-12
16,0.0692,3.854230227054776e-17,1.936221199097255e-15,4.482245752389135e-12
17,0.0692,3.786489350727855e-17,1.7690060337315334e-15,4.002349365963813e-12
18,0.0692,3.728300859200415e-17,1.604408227698279e-15,3.598272220843882e-12
19,0.0692,3.6929366830112915e-17,1.4471325496473035e-15,3.255276570172354e-12
20,0.0692,3.6928344659087516e-17,1.3027704334582956e-15,2.9612713126662103e-12
21,0.0692,3.722530414320672e-17,1.1751962227526244e-15,2.70750169622136e-12
22,0.0692,3.7722500131460027e-17,1.066727977892928e-15,2.4865664805666763e-12
23,0.0692,3.832877298488404e-17,9.75175716465238e-16,2.293142123583958e-12
24,0.0692,3.8970893464353387e-17,8.969819316943445e-16,2.122693813992038e-12
25,0.0692,3.964076841804794e-17,8.276270621366859e-16,1.9717639657049516e-12
26,0.0692,4.034111243770909e-17,7.625706263601139e-16,1.8373347650984442e-12
27,0.0692,4.105273500201922e-17,6.981505176464927e-16,1.717070263199895e-12
28,0.0692,4.175613793543821e-17,6.315438427130192e-16,1.6089427670002238e-12
29,0.0692,4.245249755859512e-17,5.624061873042001e-16,1.5114757426928916e-12
30,0.0692,4.3148158816161297e-17,4.910127569213689e-16,1.4233304462719933e-12
31,0.0692,4.3849337436874964e-17,4.178342624627326e-16,1.343251887958802e-12
32,0.0692,4.456173228574181e-17,3.441234364139919e-16,1.2703200948832999e-12
33,0.0692,4.5290913011834403e-17,2.7132851665772166e-16,1.2036988484026467e-12
34,0.0692,4.604047576076798e-17,2.006604710194991e-16,1.1426038398909427e-12
35,0.0692,4.6806122664328365e-17,1.3238118709691217e-16,1.0864584007900452e-12
36,0.0692,4.758158235084408e-17,6.651528243055264e-17,1.0347377725587517e-12
37,0.0692,4.836137351817192e-17,2.9923989585941872e-18,9.869499548680677e-13
38,0.0692,4.914317514228189e-17,-5.863772379045685e-17,9.427339802378303e-13
39,0.0692,4.9925456268672285e-17,-1.1892032189051e-16,9.017616394000849e-13
40,0.0692,5.070668594284139e-17,-1.7840063141547667e-16,8.637047230868766e-13
41,0.0692,5.148557533692599e-17,-2.375259795366846e-16,8.282571107055392e-13
42,0.0692,5.226180412961678e-17,-2.9635205781513405e-16,7.952010363645601e-13
43,0.0692,5.303529412624296e-17,-3.548366489092432e-16,7.643408228477151e-13
44,0.0692,5.380596713213373e-17,-4.129375354774296e-16,7.354807929387804e-13
45,0.0692,5.457349977162476e-17,-4.705694857197775e-16,7.08436752797404e-13
46,0.0692,5.533658794507763e-17,-5.27475210003033e-16,6.830704420867205e-13
47,0.0692,5.609368237186048e-17,-5.833544042356079e-16,6.592550838457373e-13
48,0.0692,5.684323377134137e-17,-6.379067643259149e-16,6.368639011134612e-13
49,0.0692,5.758369286288842e-17,-6.908319861823652e-16,6.157701169288995e-13
50,0.0692,5.831368702163066e-17,-7.419238277047622e-16,5.958567183472353e-13
2,0.0729,9.138986397931604e-15,5.781861808832325e-13,2.9322146700121166e-10
3,0.0729,6.2509043624573726e-15,2.363515201694101e-13,1.2498278410495748e-10
4,0.0729,3.7805618686880585e-15,1.23463485632562e-13,6.905398419062779e-11
5,0.0729,2.042992060443176e-15,7.027627817810274e-14,4.3800847940932446e-11
6,0.0729,9.993804250974575e-16,4.132932181146215e-14,3.023244694144455e-11
7,0.0729,4.566119867280296e-16,2.4724039021969384e-14,2.2149453930458936e-11
8,0.0729,2.1203549306415803e-16,1.498548231903313e-14,1.6962434862297132e-11
9,0.0729,1.1580155908594349e-16,9.276692158467007e-15,1.3438537963794151e-11
10,0.0729,8.00681211096672e-17,5.992665628592158e-15,1.0932002008104695e-11
11,0.0729,6.406711032247384e-17,4.158182514186272e-15,9.086307189278922e-12
12,0.0729,5.3899404906172817e-17,3.1633865522399017e-15,7.684490390483607e-12
13,0.0729,4.6773201064130624e-17,2.6291752508517007e-15,6.594055461808506e-12
14,0.0729,4.244039707381852e-17,2.3267759983608522e-15,5.727859625897721e-12
15,0.0729,4.027731581324542e-17,2.125961456674717e-15,5.028582820815508e-12
16,0.0729,3.9232509744384997e-17,1.9606566930470297e-15,4.45417593993843e-12
17,0.0729,3.851454326169633e-17,1.800159257558518e-15,3.977154075755523e-12
18,0.0729,3.7828481373488575e-17,1.637809239443234e-15,3.575547188054559e-12
19,0.0729,3.7292041225996035e-17,1.4784748055111577e-15,3.2346853800180766e-12
20,0.0729,3.7067534015242946e-17,1.3284698741877936e-15,2.9425238930562983e-12
21,0.0729,3.717044292753277e-17,1.1926598475195702e-15,2.6903528544427113e-12
22,0.0729,3.75608523459122e-17,1.0745971952773328e-15,2.4708125028174477e-12
23,0.0729,3.8124079450121673e-17,9.740311745086692e-16,2.2786086364239573e-12
24,0.0729,3.874826979913286e-17,8.89217359041303e-16,2.1092315618605655e-12
25,0.0729,3.940764967214874e-17,8.162398025467689e-16,1.9592440595417856e-12
26,0.0729,4.0096460888598645e-17,7.506498251528569e-16,1.8256474444809715e-12
27,0.0729,4.080292670858593e-17,6.880393329685798e-16,1.7061246962706418e-12
28,0.0729,4.151483201170681e-17,6.246480902828151e-16,1.5986650361586677e-12
29,0.0729,4.222422671485474e-17,5.592667081226861e-16,1.501800987435158e-12
30,0.0729,4.292422699424757e-17,4.913235091998767e-16,1.4142008989007802e-12
31,0.0729,4.361171769875488e-17,4.205967161085075e-16,1.3346167538561524e-12
32,0.0729,4.4298658367853413e-17,3.4826415097244077e-16,1.262135073601692e-12
33,0.0729,4.500077721367168e-17,2.758535357979757e-16,1.1959260139377676e-12
34,0.0729,4.5729762657959454e-17,2.0471249695529162e-16,1.135211051342873e-12
35,0.0729,4.6481143960951374e-17,1.3546827827009817e-16,1.0794169450080053e-12
36,0.0729,4.724641059250336e-17,6.856802793198596e-17,1.0280217748022886e-12
37,0.0729,4.8018120214616606e-17,4.298811076664094e-18,9.80536107932298e-13
38,0.0729,4.879310325787369e-17,-5.769263937568589e-17,9.366004609544178e-13
39,0.0729,4.9569258345002504e-17,-1.1791967355876297e-16,8.958878377624847e-13
40,0.0729,5.0344484098730953e-17,-1.768956416062678e-16,8.580712422503354e-13
41,0.0729,5.1117066145010124e-17,-2.3507845532807714e-16,8.228458765845551e-13
42,0.0729,5.188683812268395e-17,-2.9270427323877566e-16,7.89995736022724e-13
43,0.0729,5.2654020673819526e-17,-3.499538155291255e-16,7.593270140951717e-13
44,0.0729,5.3418834440483986e-17,-4.070078023898884e-16,7.306459043322275e-13
45,0.0729,5.4181143934350505e-17,-4.639540373569752e-16,7.037698951018545e-13
46,0.0729,5.493938914551642e-17,-5.205086573468914e-16,6.785616541225519e-13
47,0.0729,5.569165393368517e-17,-5.762948826212921e-16,6.548951439504525e-13
48,0.0729,5.643602215856018e-17,-6.309359334418321e-16,6.326443271416898e-13
49,0.0729,5.717057767984485e-17,-6.840550300701657e-16,6.116831662523968e-13
50,0.0729,5.789373414264847e-17,-7.353769205190791e-16,5.918953060170168e-13
2,0.0767,9.624543751114012e-15,5.759560941728662e-13,2.926776157415825e-10
3,0.0767,6.748943955369241e-15,2.378849185652269e-13,1.2494144479728283e-10
4,0.0767,4.187417825701005e-15,1.2522435451784312e-13,6.897396818573047e-11
5,0.0767,2.3271686998629928e-15,7.187479943707961e-14,4.371363255199344e-11
6,0.0767,1.1715982302864629e-15,4.26315913299779e-14,3.0145384128646326e-11
7,0.0767,5.474067227161233e-16,2.571248451270436e-14,2.2067592735615093e-11
8,0.0767,2.539334975956733e-16,1.568220622319828e-14,1.6887874824192765e-11
9,0.0767,1.3357454196928033e-16,9.724986781835728e-15,1.337184553156047e-11
10,0.0767,8.830404822238906e-17,6.251107460652911e-15,1.0873002263817952e-11
11,0.0767,6.919994532946278e-17,4.287153308480382e-15,9.034360872813236e-12
12,0.0767,5.775553701694486e-17,3.214291274555693e-15,7.638736247495507e-12
13,0.0767,4.9523108123953523e-17,2.642289849098689e-15,6.553730279225725e-12
14,0.0767,4.415169614873107e-17,2.3296472922966494e-15,5.692170288104481e-12
15,0.0767,4.129420281925321e-17,2.133558191220301e-15,4.996839131826687e-12
16,0.0767,3.9965321268766314e-17,1.9780805593950832e-15,4.425841905130318e-12
17,0.0767,3.9201819775112285e-17,1.8272934471721888e-15,3.9516847357663065e-12
18,0.0767,3.8467741638457604e-17,1.6709688181347562e-15,3.5525505637762437e-12
19,0.0767,3.7801043795336344e-17,1.5124546247978216e-15,3.213840298334259e-12
20,0.0767,3.7352882437370476e-17,1.357684482982415e-15,2.9235445022616027e-12
21,0.0767,3.7222600849456046e-17,1.2136770553189528e-15,2.6729938190152587e-12
22,0.0767,3.745597117339317e-17,1.086498312150306e-15,2.4548674074245314e-12
23,0.0767,3.793629388532423e-17,9.773184078597718e-16,2.2638984071722722e-12
24,0.0767,3.852686587334833e-17,8.854367570711476e-16,2.0956020427996113e-12
25,0.0767,3.917344133904914e-17,8.075656313298e-16,1.9465678974272537e-12
26,0.0767,3.984789863335399e-17,7.396324710368067e-16,1.8138216058011882e-12
27,0.0767,4.054415539108034e-17,6.770125350945285e-16,1.6950586505889713e-12
28,0.0767,4.1258996861263454e-17,6.155113475261324e-16,1.5882779518666993e-12
29,0.0767,4.1978639465919774e-17,5.532076743367346e-16,1.4920223314230616e-12
30,0.0767,4.268665742031104e-17,4.887485920269366e-16,1.4049705864748972e-12
31,0.0767,4.3372373943375046e-17,4.2120618886369546e-16,1.3258843894295263e-12
32,0.0767,4.404810826875379e-17,3.513526001793854e-16,1.253856913456196e-12
33,0.0767,4.473192863376535e-17,2.8038497307273483e-16,1.188064206914635e-12
34,0.0767,4.543808913994517e-17,2.0945757372863774e-16,1.1277331494818443e-12
35,0.0767,4.616558734569829e-17,1.3955314467664976e-16,1.0722939461039096e-12
36,0.0767,4.6909606673647116e-17,7.161154753249309e-17,1.0212276330441892e-12
37,0.0767,4.766555017383719e-17,6.3527031172520065e-18,9.740474536582083e-13
38,0.0767,4.842969940600651e-17,-5.638323092653602e-17,9.30395479670164e-13
39,0.0767,4.9198555557316146e-17,-1.1697603775097087e-16,8.89945989896421e-13
40,0.0767,4.9968619814927226e-17,-1.7580550050815255e-16,8.523732631533441e-13
41,0.0767,5.073692796279254e-17,-2.3326375693517863e-16,8.173738256974475e-13
42,0.0767,5.1502654172031674e-17,-2.8979236310914093e-16,7.847331935458436e-13
43,0.0767,5.226550721055593e-17,-3.4584522969212944e-16,7.542591301557933e-13
44,0.0767,5.3025195846276616e-17,-4.0187626734623387e-16,7.257593989845582e-13
45,0.0767,5.378125063104571e-17,-4.581855243999007e-16,6.990529706281185e-13
46,0.0767,5.453248925247801e-17,-5.144575998470003e-16,6.740036442373258e-13
47,0.0767,5.5277551182129013e-17,-5.702232303477606e-16,6.504864261017512e-13
48,0.0767,5.60150758915542e-17,-6.250131525624079e-16,6.283763225109649e-13
49,0.0767,5.674370285230907e-17,-6.783581031511694e-16,6.075483397545375e-13
50,0.0767,5.746220747066584e-17,-7.298979490386272e-16,5.878870026012302e-13
2,0.0804,1.0101049682346608e-14,5.783002208758183e-13,2.9346523428782447e-10
3,0.0804,7.235394612206368e-15,2.3918907649526864e-13,1.2489231020159311e-10
4,0.0804,4.593261029855077e-15,1.2680167056911302e-13,6.890895681589393e-11
5,0.0804,2.6177045275663033e-15,7.331192106603607e-14,4.3631476223548735e-11
6,0.0804,1.3531248656288648e-15,4.382543811152493e-14,3.006317955821179e-11
7,0.0804,6.465896934750226e-16,2.663375595138487e-14,2.1990268854408102e-11
8,0.0804,3.014210310150826e-16,1.6341593826776394e-14,1.6817278027799006e-11
9,0.0804,1.541744853655425e-16,1.0158462001620212e-14,1.3308513609821523e-11
10,0.0804,9.756066074340541e-17,6.504450024429496e-15,1.0816790012832498e-11
11,0.0804,7.461948787644239e-17,4.412963926084285e-15,8.984681914885253e-12
12,0.0804,6.180162962046805e-17,3.2613998348818453e-15,7.594900828688254e-12
13,0.0804,5.25400822132338e-17,2.6490948994861227e-15,6.515026517007881e-12
14,0.0804,4.612842877999338e-17,2.323676342695783e-15,5.657879443121706e-12
15,0.0804,4.24586469832203e-17,2.132068403418915e-15,4.9663181091556614e-12
16,0.0804,4.073336745361639e-17,1.987355276989734e-15,4.398603486695448e-12
17,0.0804,3.987321029113834e-17,1.846808046687358e-15,3.9272053203365e-12
18,0.0804,3.9128667828514024e-17,1.6986599604551073e-15,3.5304491442522908e-12
19,0.0804,3.8401881736361344e-17,1.544495980163618e-15,3.193805346241806e-12
20,0.0804,3.7767997559902497e-17,1.3887490874431457e-15,2.9052986618718026e-12
21,0.0804,3.739905926320145e-17,1.2394029610376223e-15,2.656298514497813e-12
22,0.0804,3.743453152921053e-17,1.1041419872189845e-15,2.4395227450676998e-12
23,0.0804,3.7786663497593935e-17,9.859026852575112e-16,2.2497381771098544e-12
24,0.0804,3.832205401910508e-17,8.856620528663688e-16,2.0824893763220907e-12
25,0.0804,3.895191633214241e-17,8.013068685319217e-16,1.9343828944993864e-12
26,0.0804,3.961289013752154e-17,7.295739709104974e-16,1.8024584726198669e-12
27,0.0804,4.029870659808159e-17,6.656906585650634e-16,1.6844266222970827e-12
28,0.0804,4.101248328314962e-17,6.05042075262295e-16,1.5783003178017096e-12
29,0.0804,4.173779192598072e-17,5.451542856770547e-16,1.4826316133974977e-12
30,0.0804,4.2453317800811995e-17,4.840885847112517e-16,1.3961073333464663e-12
31,0.0804,4.314380757718838e-17,4.2030815360142777e-16,1.3174971096511691e-12
32,0.0804,4.381825350588603e-17,3.538837189226533e-16,1.2459018052762955e-12
33,0.0804,4.4491709232988973e-17,2.8528789358463023e-16,1.1805050909270702e-12
34,0.0804,4.517704376860448e-17,2.151621663280315e-16,1.1205405893793216e-12
35,0.0804,4.5878387578933065e-17,1.4482352921741114e-16,1.0654417316912947e-12
36,0.0804,4.659768649419853e-17,7.57578501482927e-17,1.0146919009918403e-12
37,0.0804,4.7335658417843227e-17,9.177825018543438e-18,9.678064497119263e-13
38,0.0804,4.808810954618373e-17,-5.4796538264598556e-17,9.244286074909938e-13
39,0.0804,4.884961814875517e-17,-1.1631840379155204e-16,8.84233573270601e-13
40,0.0804,4.961476249509268e-17,-1.7554093565273617e-16,8.468965459923073e-13
41,0.0804,5.037889389283103e-17,-2.3270201110254735e-16,8.121150783106174e-13
42,0.0804,5.114045580200365e-17,-2.883783600512923e-16,7.796761377318213e-13
43,0.0804,5.189866472074358e-17,-3.4323142557325447e-16,7.493890454751548e-13
44,0.0804,5.265273714718386e-17,-3.9792265074271775e-16,7.210631227598539e-13
45,0.0804,5.340188317583635e-17,-4.529377765154633e-16,6.945188307023153e-13
46,0.0804,5.414528728672792e-17,-5.080597353732589e-16,6.696211900075792e-13
47,0.0804,5.4882127556264225e-17,-5.628957576793695e-16,6.462463612778464e-13
48,0.0804,5.561158206085094e-17,-6.170530737970606e-16,6.242705051153176e-13
49,0.0804,5.633282887689373e-17,-6.701389140895966e-16,6.035697821221938e-13
50,0.0804,5.704504753480936e-17,-7.218314038013427e-16,5.840296816494651e-13
2,0.0841,1.0561393801146959e-14,5.75054730886387e-13,2.9276091442639256e-10
3,0.0841,7.722990170608905e-15,2.403046473424327e-13,1.2485727572840918e-10
4,0.0841,5.0073096510146256e-15,1.282081718975779e-13,6.88330606132203e-11
5,0.0841,2.9211752874338622e-15,7.465221617002108e-14,4.3553684784549244e-11
6,0.0841,1.5480054189863355e-15,4.495226937941563e-14,2.9984859528186515e-11
7,0.0841,7.565455299119742e-16,2.751663749400515e-14,2.1915805578442435e-11
8,0.0841,3.559567076787482e-16,1.6985308593880728e-14,1.6748858786729898e-11
9,0.0841,1.7843412784927824e-16,1.0587167017878571e-14,1.3246863906238262e-11
10,0.0841,1.0830207977252434e-16,6.760091033572652e-15,1.0761911929291169e-11
11,0.0841,8.052123496259954e-17,4.541446462535611e-15,8.936076916264843e-12
12,0.0841,6.61046028746359e-17,3.3075553515562515e-15,7.551908652848953e-12
13,0.0841,5.585838622312376e-17,2.6517617965709155e-15,6.477000321123723e-12
14,0.0841,4.8408038175533594e-17,2.311177762828364e-15,5.624136450969937e-12
15,0.0841,4.384096832454261e-17,2.121221534736944e-15,4.9362494684938176e-12
16,0.0841,4.157252630873743e-17,1.9875387626916985e-15,4.371730308777749e-12
17,0.0841,4.055053445038061e-17,1.8611264676870348e-15,3.90301882778371e-12
18,0.0841,3.9808402758799444e-17,1.7236317003966241e-15,3.5085946909136714e-12
19,0.0841,3.907062220597777e-17,1.5750826153466165e-15,3.173989419138867e-12
20,0.0841,3.8299065588712506e-17,1.419934849272159e-15,2.8872510063014603e-12
21,0.0841,3.7709497973260157e-17,1.2670271162520307e-15,2.639785849868266e-12
22,0.0841,3.751889883751178e-17,1.1251888326840752e-15,2.424349808807634e-12
23,0.0841,3.7695213036436947e-17,9.988291468987685e-16,2.2357381844694006e-12
24,0.0841,3.81395945762572e-17,8.903955866016638e-16,2.069521268279154e-12
25,0.0841,3.873506869112339e-17,7.989094650660025e-16,1.922329869584014e-12
26,0.0841,3.9380645224924637e-17,7.220353685067071e-16,1.7912244613777197e-12
27,0.0841,4.0057401232573986e-17,6.554371893377435e-16,1.673923653318961e-12
28,0.0841,4.0763766877242444e-17,5.946147829923387e-16,1.5684465652435744e-12
29,0.0841,4.148551754410885e-17,5.36412550781721e-16,1.4733562210310436e-12
30,0.0841,4.220526492385407e-17,4.780110304866211e-16,1.3873516205717624e-12
31,0.0841,4.290905243171652e-17,4.1710593221139497e-16,1.3092133254639303e-12
32,0.0841,4.359665038116495e-17,3.5345365535490496e-16,1.2380481441369678e-12
33,0.0841,4.4271260810225684e-17,2.8732577163964034e-16,1.1730444467280996e-12
34,0.0841,4.493781813460393e-17,2.1917335428669102e-16,1.113440440506269e-12
35,0.0841,4.5608186280720367e-17,1.5016548251155016e-16,1.0586736812672883e-12
36,0.0841,4.629596155267455e-17,8.16507370283108e-17,1.008231561938688e-12
37,0.0841,4.7011088385971544e-17,1.4789386089705142e-17,9.616329674810235e-13
38,0.0841,4.774890374173858e-17,-5.001155189698379e-17,9.185227509869488e-13
39,0.0841,4.850109271250837e-17,-1.125333709858348e-16,8.785772575821439e-13
40,0.0841,4.925934039081366e-17,-1.725573652309252e-16,8.41472832392288e-13
41,0.0841,5.0016633765188074e-17,-2.300324755480382e-16,8.069081293249211e-13
42,0.0841,5.07711674081688e-17,-2.8557823029976914e-16,7.746710374150241e-13
43,0.0841,5.1522437788293916e-17,-3.3998180471041717e-16,7.44571754479439e-13
44,0.0841,5.226994137410149e-17,-3.9403037400428167e-16,7.164204783350074e-13
45,0.0841,5.301311587321755e-17,-4.483248455559634e-16,6.900386034237073e-13
46,0.0841,5.375116394961982e-17,-5.027210553412695e-16,6.652923106880621e-13
47,0.0841,5.448322950637405e-17,-5.568885714863097e-16,6.42058977695732e-13
48,0.0841,5.5208456446545904e-17,-6.104969621171926e-16,6.202159820143767e-13
49,0.0841,5.592598867320109e-17,-6.63215795360028e-16,5.996407012116566e-13
50,0.0841,5.66349190438051e-17,-7.147617338988461e-16,5.802196699593782e-13
2,0.0879,1.1041120907006498e-14,5.779459422233391e-13,2.9383197053595006e-10
3,0.0879,8.22397494563746e-15,2.4131470610167193e-13,1.248201220357505e-10
4,0.0879,5.440215729129297e-15,1.295532557495789e-13,6.876892764066792e-11
5,0.0879,3.2450934157337758e-15,7.592756102446862e-14,4.347774880216329e-11
6,0.0879,1.7613731819572206e-15,4.604139619080137e-14,2.9907132255322106e-11
7,0.0879,8.806242323356656e-16,2.838281692523122e-14,2.184179342223282e-11
8,0.0879,4.1957463147395947e-16,1.762701984630605e-14,1.6680609229105963e-11
9,0.0879,2.0756650956474972e-16,1.1024136831138517e-14,1.3185119197667446e-11
10,0.0879,1.2114768995805472e-16,7.023869948004295e-15,1.07067546254815e-11
11,0.0879,8.71990331557628e-17,4.675118696714964e-15,8.887052027954854e-12
12,0.0879,7.078199070895689e-17,3.3552486358923284e-15,7.508489936998517e-12
13,0.0879,5.954618544618451e-17,2.6506343433805745e-15,6.438522619450973e-12
14,0.0879,5.107696869307974e-17,2.2908567869867352e-15,5.58999384585498e-12
15,0.0879,4.5513823554704825e-17,2.1026598268035484e-15,4.905797749810782e-12
16,0.0879,4.256897442122883e-17,1.979776103459357e-15,4.344491593428333e-12
17,0.0879,4.126034217291675e-17,1.866719235180972e-15,3.87852809855237e-12
18,0.0879,4.0496765979333474e-17,1.7423009107007098e-15,3.4864670807670476e-12
19,0.0879,3.979684868919069e-17,1.6034550074889267e-15,3.1539083877071196e-12
20,0.0879,3.894859505340409e-17,1.452130463207691e-15,2.868951631656998e-12
21,0.0879,3.81719319648844e-17,1.2978578513630908e-15,2.623036979490126e-12
22,0.0879,3.773809781723279e-17,1.1509211088944572e-15,2.408950718492141e-12
23,0.0879,3.769165486481711e-17,1.0170359906300823e-15,2.2215230630084485e-12
24,0.0879,3.799712771337925e-17,8.9996330079838e-16,2.056356917597507e-12
25,0.0879,3.852556651339067e-17,8.002122233392938e-16,1.9101020206102317e-12
26,0.0879,3.914628262886892e-17,7.167900813798104e-16,1.779832927349797e-12
27,0.0879,3.981510673328648e-17,6.4594837508356e-16,1.663276627135971e-12
28,0.0879,4.051171009230494e-17,5.834391314534837e-16,1.5584599984711305e-12
29,0.0879,4.1224607030887214e-17,5.25772307813122e-16,1.4639570425714957e-12
30,0.0879,4.194452263882159e-17,4.696473440661653e-16,1.3784785413317465e-12
31,0.0879,4.2662098309764035e-17,4.1221055085191924e-16,1.3008159704492747e-12
32,0.0879,4.336764065284131e-17,3.5239572175214975e-16,1.2300835808323115e-12
33,0.0879,4.405137258104789e-17,2.8958352108423905e-16,1.1654763171917984e-12
34,0.0879,4.4708839844137074e-17,2.235293479965911e-16,1.1062382966801487e-12
35,0.0879,4.5356879538897396e-17,1.5548754096170283e-16,1.05181032621566e-12
36,0.0879,4.601765159887622e-17,8.708717328309405e-17,1.0016823851581022e-12
37,0.0879,4.670821144632093e-17,1.9758743775611532e-17,9.55375786455359e-13
38,0.0879,4.742519645827899e-17,-4.5861546700590483e-17,9.125371774077693e-13
39,0.0879,4.816013950049787e-17,-1.0933607177403106e-16,8.728445389037868e-13
40,0.0879,4.8904573438725064e-17,-1.702272050732285e-16,8.359758518318649e-13
41,0.0879,4.965123655101463e-17,-2.282924907411762e-16,8.016312265963489e-13
42,0.0879,5.039768876464693e-17,-2.8407015497876344e-16,7.695992916651522e-13
43,0.0879,5.114269541920892e-17,-3.3829359450135497e-16,7.3969080502208e-13
44,0.0879,5.188502185428753e-17,-3.9169620602431363e-16,7.117165246509378e-13
45,0.0879,5.262346657019288e-17,-4.448733669347222e-16,6.854985648938246e-13
46,0.0879,5.335696071012779e-17,-4.97868377306537e-16,6.609044655260142e-13
47,0.0879,5.408446857801821e-17,-5.505865178854323e-16,6.37813122681074e-13
48,0.0879,5.4804954477790135e-17,-6.029330694170828e-16,6.161034324925717e-13
49,0.0879,5.551738271336952e-17,-6.548133126471632e-16,5.956542910940751e-13
50,0.0879,5.622072489846704e-17,-7.06108650359798e-16,5.763535014082281e-13
2,0.0916,1.149002775040299e-14,5.749523257870896e-13,2.932515722875724e-10
3,0.0916,8.71002376267389e-15,2.4213298792551405e-13,1.247799213429649e-10
4,0.0916,5.866879389564875e-15,1.3071950811924738e-13,6.870567703783746e-11
5,0.0916,3.570496530636276e-15,7.707726872815697e-14,4.3404944031092166e-11
6,0.0916,1.980805563990228e-15,4.704069914105305e-14,2.9834373388221995e-11
7,0.0916,1.0118070834873741e-15,2.9189292777198065e-14,2.177234266436116e-11
8,0.0916,4.889848554626282e-16,1.823264519195392e-14,1.6616286958858478e-11
9,0.0916,2.4028503620373894e-16,1.1442133171659033e-14,1.3126760272822766e-11
10,0.0916,1.3566683380467654e-16,7.28260992508469e-15,1.0654477019684124e-11
11,0.0916,9.440314220003526e-17,4.8083753138372035e-15,8.840500476546302e-12
12,0.0916,7.558089952442566e-17,3.4019186712518147e-15,7.467148554058382e-12
13,0.0916,6.335657385669965e-17,2.6476812435270916e-15,6.401817717207849e-12
14,0.0916,5.3958559121427275e-17,2.2661072531676467e-15,5.557363860369169e-12
15,0.0916,4.741046259987787e-17,2.0755549657087224e-15,4.8766482245577476e-12
16,0.0916,4.368928296617703e-17,1.9634312289733352e-15,4.318406150706977e-12
17,0.0916,4.199534428616077e-17,1.8658410938044373e-15,3.855049147473025e-12
18,0.0916,4.116244231794471e-17,1.755221358588025e-15,3.4652463408016437e-12
19,0.0916,4.0509634667343145e-17,1.6266832762425216e-15,3.1346543002646346e-12
20,0.0916,3.9642844341199795e-17,1.4814625794044873e-15,2.8514014605664267e-12
21,0.0916,3.8738961497292145e-17,1.3287100555819634e-15,2.606966342770111e-12
22,0.0916,3.807918778817604e-17,1.1787149631226221e-15,2.394173968471489e-12
23,0.0916,3.779100369458691e-17,1.0384053888611737e-15,2.2078852750385434e-12
24,0.0916,3.792146608497118e-17,9.131053673015492e-16,2.043729536647855e-12
25,0.0916,3.83496585504398e-17,8.050838951375156e-16,1.8983734589382125e-12
26,0.0916,3.893008608141089e-17,7.149069277255e-16,1.7689054364545865e-12
27,0.0916,3.9586912542866955e-17,6.393832928827237e-16,1.653063187904463e-12
28,0.0916,4.027125021081415e-17,5.744438310207756e-16,1.5488834169005933e-12
29,0.0916,4.0972346130788887e-17,5.16264560467919e-16,1.4549494425142736e-12
30,0.0916,4.168898104071012e-17,4.610827940315848e-16,1.3699812376814374e-12
31,0.0916,4.241678945950122e-17,4.056088591397264e-16,1.292778923948066e-12
32,0.0916,4.3138821030103136e-17,3.484451417023828e-16,1.2224632173003323e-12
33,0.0916,4.383497917646126e-17,2.8866704225011564e-16,1.1582349823344579e-12
34,0.0916,4.449274601773324e-17,2.2569657772751116e-16,1.099343945416326e-12
35,0.0916,4.512991845392584e-17,1.6034223073525697e-16,1.0452352799904677e-12
36,0.0916,4.577187208025814e-17,9.37591002880659e-17,9.954030212710772e-13
37,0.0916,4.643883759352428e-17,2.7047177856212342e-17,9.493720967971397e-13
38,0.0916,4.713046609681881e-17,-3.891397526778667e-17,9.067910034068088e-13
39,0.0916,4.784126379481133e-17,-1.0329990533585412e-16,8.673391302630303e-13
40,0.0916,4.856573689217148e-17,-1.652861585999116e-16,8.306958665287494e-13
41,0.0916,4.929878137628684e-17,-2.2429535636073326e-16,7.965625473659796e-13
42,0.0916,5.003685236541683e-17,-2.8073842011449753e-16,7.647282919330052e-13
43,0.0916,5.077679476053882e-17,-3.352733464062332e-16,7.350041653871783e-13
44,0.0916,5.151545346263018e-17,-3.88558131780971e-16,7.072012328858504e-13
45,0.0916,5.225002671189709e-17,-4.4115254231064293e-16,6.811420861948381e-13
46,0.0916,5.2979126105460945e-17,-4.932234221747924e-16,6.566954235138159e-13
47,0.0916,5.370171657967193e-17,-5.448393850798669e-16,6.337414696509228e-13
48,0.0916,5.441676307088026e-17,-5.960690447323123e-16,6.121604494142973e-13
49,0.0916,5.5123230515436114e-17,-6.46981014838576e-16,5.918325876120787e-13
50,0.0916,5.58201188728988e-17,-6.975863499360403e-16,5.72646834960108e-13
