tau,ell,EE,TE,TT
0.0261,2,1.0,5.184006420172713e-13,2.9334136014827606e-10
0.0314,2,1.2734413307578432,5.38782444077006e-13,2.934822149347955e-10
0.0366,2,1.5447047847951427,5.508670998237596e-13,2.92971482665901e-10
0.0419,2,1.8242806405579957,5.619702922181542e-13,2.9345853613049407e-10
0.0472,2,2.0992452351159874,5.663158361872801e-13,2.9270976338990287e-10
0.0524,2,2.3672532196098035,5.70002888064504e-13,2.924957868570292e-10
0.0561,2,2.5571526373642994,5.735167058206061e-13,2.928655218520893e-10
0.0629,2,2.902081192542162,5.796709541651219e-13,2.940193340227796e-10
0.0682,2,3.160222550636341,5.762016898308028e-13,2.9269712031955427e-10
0.0735,2,3.418149934205141,5.777294677513405e-13,2.9309431275505426e-10
0.0787,2,3.667050087925357,5.792252098856415e-13,2.936719538220557e-10
0.084,2,3.9129536746387426,5.7525203493204e-13,2.9280639148610146e-10
0.0893,2,4.1580649210340175,5.76990732355901e-13,2.936499886546951e-10
0.0945,2,4.391249420876841,5.728500775084392e-13,2.929336573465804e-10
0.0998,2,4.628587817286837,5.740026614144185e-13,2.937510588363834e-10
0.105,2,4.853223595167087,5.698239417821796e-13,2.9313748070043036e-10
0.1103,2,5.082420818377557,5.710575820651187e-13,2.9408274384025805e-10
0.1156,2,5.305239689671879,5.679018784301384e-13,2.938144529178724e-10
0.1208,2,5.518643899644273,5.634376746253822e-13,2.932400853836471e-10
0.1261,2,5.737112078978539,5.646443298606476e-13,2.9423405126999487e-10
0.0261,3,1.0,1.7507121081273744e-13,1.2608123836540657e-10
0.0314,3,1.4894468448459146,1.9000550764038312e-13,1.258948800765573e-10
0.0366,3,2.0456242965221683,2.01196421270576e-13,1.2572493850442702e-10
0.0419,3,2.6725641659935606,2.101277611677568e-13,1.2558372606392668e-10
0.0472,3,3.3452327894967184,2.1719643815047306e-13,1.2544746756650295e-10
0.0524,3,4.038013894731951,2.2276582327343178e-13,1.2533813948097978e-10
0.0561,3,4.545850290537951,2.2607936127036378e-13,1.2525598763308152e-10
0.0629,3,5.503409426666952,2.3104343937076706e-13,1.2513798113555348e-10
0.0682,3,6.264042172278814,2.341092879130373e-13,1.2505368680564964e-10
0.0735,3,7.032630205757625,2.366085502632304e-13,1.2497453992293346e-10
0.0787,3,7.790871627954042,2.386217464642459e-13,1.2491547485937107e-10
0.084,3,8.567132901317118,2.4027924571456625e-13,1.2485680254212034e-10
0.0893,3,9.340670555382964,2.416370087752034e-13,1.2480376308907702e-10
0.0945,3,10.10119519432308,2.427009790471597e-13,1.247607097307203e-10
0.0998,3,10.872634190685547,2.435824097018361e-13,1.247206510166433e-10
0.105,3,11.623947805335327,2.442493648261292e-13,1.2468648217044282e-10
0.1103,3,12.385256978864861,2.4479244492870173e-13,1.2466292877087846e-10
0.1156,3,13.14298423659222,2.4518278614741083e-13,1.2463299501659584e-10
0.1208,3,13.878297004430056,2.4545668064624873e-13,1.246152645907038e-10
0.1261,3,14.622772027493392,2.456616410697034e-13,1.2460254709894429e-10
0.0261,4,1.0,7.35627355352596e-14,7.058125799091636e-11
0.0314,4,1.6614487269172435,8.395829648521209e-14,7.033022921310163e-11
0.0366,4,2.5336352649905844,9.227220596678166e-14,7.011514770260716e-11
0.0419,4,3.638815180703476,9.928904349946415e-14,6.991991979096994e-11
0.0472,4,4.940738765354344,1.051557536226603e-13,6.973273199647522e-11
0.0524,4,6.3851610464028274,1.1003164009465461e-13,6.95720579945971e-11
0.0561,4,7.50095263981732,1.1306273336143733e-13,6.946372153653343e-11
0.0629,4,9.716174345163097,1.1786220768022237e-13,6.92848261615001e-11
0.0682,4,11.56560160642304,1.2101555723954536e-13,6.915623057235243e-11
0.0735,4,13.50418191079288,1.2374894789559436e-13,6.903915475829011e-11
0.0787,4,15.477487296990814,1.26098349407943e-13,6.894105680556496e-11
0.084,4,17.55290587502119,1.2817407843056948e-13,6.883450303168852e-11
0.0893,4,19.672643780605203,1.3001334581570885e-13,6.875285135189545e-11
0.0945,4,21.80021283546632,1.315760184111642e-13,6.866037297919028e-11
0.0998,4,24.000938780670776,1.3301283926079492e-13,6.859273151262696e-11
0.105,4,26.179745016113134,1.3422421279331185e-13,6.851265117088979e-11
0.1103,4,28.422116578690236,1.353534309081115e-13,6.84496557520393e-11
0.1156,4,30.68661397341664,1.3633980230362764e-13,6.839568457163912e-11
0.1208,4,32.91069289197858,1.3718165461739336e-13,6.833287598088806e-11
0.1261,4,35.18946063987048,1.379834726706606e-13,6.828489356055692e-11
0.0261,5,1.0,3.338027664320035e-14,4.5379169161910635e-11
0.0314,5,1.6143907995519524,4.0084798818935096e-14,4.513839126124886e-11
0.0366,5,2.547249471928311,4.5779756430365757e-14,4.4920768808952003e-11
0.0419,5,3.8904483685674816,5.081971879589407e-14,4.472001780488739e-11
0.0472,5,5.653718275785671,5.521751392474994e-14,4.453134093786865e-11
0.0524,5,7.791695020603682,5.901149701757884e-14,4.4364016816901466e-11
0.0561,5,9.5504644720823,6.144065426931398e-14,4.4248670685100565e-11
0.0629,5,13.272127518861849,6.541208349388681e-14,4.405674174144784e-11
0.0682,5,16.573808468600035,6.812013972091273e-14,4.391637791881637e-11
0.0735,5,20.193877127253074,7.05365670137308e-14,4.3786267347492496e-11
0.0787,5,24.023698380383145,7.266569161820346e-14,4.366929768255156e-11
0.084,5,28.190535588282902,7.461892486520485e-14,4.3555438832194645e-11
0.0893,5,32.57312691499256,7.636919748762786e-14,4.3450185844420995e-11
0.0945,5,37.091384687678534,7.79290167487895e-14,4.3351897722680204e-11
0.0998,5,41.87315672103909,7.93638389262063e-14,4.326012457801365e-11
0.105,5,46.71069898134181,8.064140346399987e-14,4.3173949152575496e-11
0.1103,5,51.78430045607418,8.182157180117708e-14,4.309492483026172e-11
0.1156,5,56.99535007317375,8.289666818016944e-14,4.301774782575545e-11
0.1208,5,62.19855568734317,8.386211054125037e-14,4.29472444133229e-11
0.1261,5,67.60583381620282,8.47582387381644e-14,4.288187721757222e-11
0.0261,6,1.0,1.593228061802629e-14,3.1703624571588216e-11
0.0314,6,1.3576563015922416,1.9929724551669044e-14,3.1490937460057575e-11
0.0366,6,1.9278198489739753,2.355711678441889e-14,3.129547035301113e-11
0.0419,6,2.8277273825730997,2.69179679932567e-14,3.111004463819479e-11
0.0472,6,4.1360936013316705,2.996549414823982e-14,3.093605446546828e-11
0.0524,6,5.879547481559469,3.2684633764251296e-14,3.0776684963359927e-11
0.0561,6,7.419485930445499,3.4474640447172583e-14,3.066828986680176e-11
0.0629,6,10.929405466303617,3.7483054387289464e-14,3.0482256548391877e-11
0.0682,6,14.275695497299122,3.960049998486537e-14,3.034646498775008e-11
0.0735,6,18.14800104747976,4.154004786310999e-14,3.0218315235386835e-11
0.0787,6,22.43867868227818,4.3286198407714417e-14,3.010049989128224e-11
0.084,6,27.3006503496902,4.492404896648355e-14,2.9986745402689765e-11
0.0893,6,32.60178405519211,4.6424197140933965e-14,2.9879457215152716e-11
0.0945,6,38.24297908822395,4.7784976694394225e-14,2.9779897030764816e-11
0.0998,6,44.38405148772444,4.906123960950615e-14,2.968390398308761e-11
0.105,6,50.75682120004388,5.0213998291553696e-14,2.9595082614351834e-11
0.1103,6,57.59450861298539,5.129696249586631e-14,2.9509668546774746e-11
0.1156,6,64.76710194716293,5.23018815399783e-14,2.942822429250254e-11
0.1208,6,72.06580871739399,5.321058953877516e-14,2.9353152919453364e-11
0.1261,6,79.78307429994993,5.4067098598193996e-14,2.928059765520598e-11
0.0261,7,1.0,8.281459293128654e-15,2.3459036401964937e-11
0.0314,7,1.190286368707848,1.049593582884732e-14,2.3278702087753403e-11
0.0366,7,1.4662531385605588,1.2656761506966764e-14,2.3109746226143483e-11
0.0419,7,1.8850115977279915,1.4756411016017162e-14,2.2946804363383153e-11
0.0472,7,2.508232269671268,1.6730756276953092e-14,2.2792313800132708e-11
0.0524,7,3.389053067518565,1.8549922134535364e-14,2.2648978161930097e-11
0.0561,7,4.215134519014657,1.9776556859511815e-14,2.255106066974454e-11
0.0629,7,6.242644160911325,2.189758768714816e-14,2.238063928617521e-11
0.0682,7,8.33025311528701,2.3435825175785592e-14,2.2255347367626124e-11
0.0735,7,10.897557539901804,2.48827833479406e-14,2.213628242660436e-11
0.0787,7,13.898805896490904,2.621589566935973e-14,2.202544195043745e-11
0.084,7,17.46520767041403,2.7493486740984544e-14,2.191764458408333e-11
0.0893,7,21.52312480425972,2.8690756241333464e-14,2.1815422628610303e-11
0.0945,7,26.00635512263948,2.9796392685872605e-14,2.171969907638129e-11
0.0998,7,31.05431685289528,3.0854779554680875e-14,2.1626880859064295e-11
0.105,7,36.453107421322315,3.182550568882535e-14,2.1540302276454835e-11
0.1103,7,42.406026182671866,3.275418221462111e-14,2.1456278494721483e-11
0.1156,7,48.808636476569944,3.3628435842995824e-14,2.1375819566734598e-11
0.1208,7,55.471950225992416,3.44289907102323e-14,2.130092124110056e-11
0.1261,7,62.66430801833061,3.519598423718188e-14,2.1228123844818355e-11
0.0261,8,1.0,4.943772447986235e-15,1.8103670249845348e-11
0.0314,8,1.11261300051556,6.097933617801789e-15,1.795296265788293e-11
0.0366,8,1.270445944206142,7.308401402798579e-15,1.780961858573535e-11
0.0419,8,1.4879605068174209,8.545008150638902e-15,1.766941473808441e-11
0.0472,8,1.7810073961662274,9.747499236094986e-15,1.7535080364098425e-11
0.0524,8,2.1728248987504317,1.0886244026040444e-14,1.7409168646998373e-11
0.0561,8,2.5372209166306767,1.1669577374590346e-14,1.7322728943143518e-11
0.0629,8,3.456385426493059,1.3060309004025756e-14,1.7170807997270225e-11
0.0682,8,4.4531292070880015,1.4096109716932015e-14,1.7058207455917613e-11
0.0735,8,5.746452027181314,1.5096474127743273e-14,1.695048240036591e-11
0.0787,8,7.341084909399758,1.604093768087707e-14,1.6849441981976497e-11
0.084,8,9.334814678306595,1.6967843077057075e-14,1.6750570588082967e-11
0.0893,8,11.712628046580818,1.7856533760126516e-14,1.6656209966508223e-11
0.0945,8,14.454685035975597,1.869564035148932e-14,1.6567256609976438e-11
0.0998,8,17.66416037426064,1.951523516771766e-14,1.6480537689391678e-11
0.105,8,21.22014486696746,2.028225939643159e-14,1.6399223857198157e-11
0.1103,8,25.268197668688593,2.1030647038478032e-14,1.6319836427991605e-11
0.1156,8,29.75215334312616,2.1745827590911157e-14,1.6243482021829342e-11
0.1208,8,34.54467844041829,2.2413098511511308e-14,1.6171989287700253e-11
0.1261,8,39.84465126049861,2.3063342534964107e-14,1.6102065467500695e-11
0.0261,9,1.0,3.4656164746913577e-15,1.4422974199073328e-11
0.0314,9,1.0645792514744472,4.0513520175296106e-15,1.4297017915030814e-11
0.0366,9,1.1605541550627276,4.700255160911448e-15,1.4176213506496715e-11
0.0419,9,1.296264572039146,5.3951537066851105e-15,1.4056753230539084e-11
0.0472,9,1.4721395953525618,6.090161491386963e-15,1.3941336891248156e-11
0.0524,9,1.6871444265470397,6.759835021640137e-15,1.3832160752714691e-11
0.0561,9,1.870624189176797,7.227740085038828e-15,1.3756799620833239e-11
0.0629,9,2.2978610004849034,8.071501348479461e-15,1.3623349192067404e-11
0.0682,9,2.741335743709836,8.713233777025986e-15,1.3523762192245199e-11
0.0735,9,3.316572641259167,9.3475295364247e-15,1.3427874743704534e-11
0.0787,9,4.041636879814277,9.96038547527752e-15,1.3337381685773636e-11
0.084,9,4.979470834055728,1.0575937974089414e-14,1.3248419401335396e-11
0.0893,9,6.143882902192762,1.1181571981739276e-14,1.31630101887506e-11
0.0945,9,7.542192209593592,1.176664868861724e-14,1.3082049564643484e-11
0.0998,9,9.246121362102686,1.2352425203309904e-14,1.3002651642823229e-11
0.105,9,11.206558344153157,1.2912457008097354e-14,1.292790589283214e-11
0.1103,9,13.51934822637474,1.3471839187544592e-14,1.285453338337671e-11
0.1156,9,16.16785732043052,1.4017086554692336e-14,1.27836953052478e-11
0.1208,9,19.085878635781576,1.4535885274804836e-14,1.2717019593338048e-11
0.1261,9,22.405457218198425,1.5051835440543232e-14,1.2651454728124227e-11
0.0261,10,1.0,2.7622183701834493e-15,1.1779153185162975e-11
0.0314,10,1.0345988735149139,3.0720650895238936e-15,1.1673036385542872e-11
0.0366,10,1.0902094299705678,3.4198043982060357e-15,1.1570884021838922e-11
0.0419,10,1.1726414305845834,3.802223029342815e-15,1.1469121497821536e-11
0.0472,10,1.2861447632120668,4.193225054407951e-15,1.1370177286371504e-11
0.0524,10,1.4288889334569042,4.570839583775155e-15,1.1275996227884631e-11
0.0561,10,1.5487615790262224,4.8346123344629295e-15,1.1210701252107889e-11
0.0629,10,1.8084140017134702,5.308036263332123e-15,1.1094389290282786e-11
0.0682,10,2.0503967350025896,5.671269702033122e-15,1.1007092350781504e-11
0.0735,10,2.3377564522600007,6.0333497082712036e-15,1.0922589392401911e-11
0.0787,10,2.6784649180924722,6.388006628785985e-15,1.084244453272693e-11
0.084,10,3.105951779926798,6.753690810373534e-15,1.0763307253550996e-11
0.0893,10,3.6335455471859133,7.120477045450194e-15,1.068696157644732e-11
0.0945,10,4.27500440120131,7.485788290701286e-15,1.061431164867296e-11
0.0998,10,5.074589958010131,7.859631937475027e-15,1.0542777448598652e-11
0.105,10,6.021572159016711,8.228072829271174e-15,1.0475175146601886e-11
0.1103,10,7.174048489864698,8.604418208592321e-15,1.040845347865975e-11
0.1156,10,8.537195396194425,8.981678368071299e-15,1.0343795158471331e-11
0.1208,10,10.086998248729651,9.349767564629516e-15,1.0282711401544912e-11
0.1261,10,11.903719526792155,9.723205586730795e-15,1.022237997454691e-11
0.0261,11,1.0,2.3813734473349932e-15,9.817514542034254e-12
0.0314,11,1.0163502193142686,2.562160920663466e-15,9.727193204273212e-12
0.0366,11,1.0477449192101134,2.7597575894969625e-15,9.640154788468576e-12
0.0419,11,1.0959149529541914,2.9780997576724498e-15,9.553129126276399e-12
0.0472,11,1.1635800384199295,3.2016684284481068e-15,9.468064419751766e-12
0.0524,11,1.2542611658241933,3.4150844269635658e-15,9.386682376726834e-12
0.0561,11,1.3348814849261736,3.559828112559455e-15,9.33001253465889e-12
0.0629,11,1.5171831935767734,3.811166983338145e-15,9.228698727006907e-12
0.0682,11,1.6865536146929785,3.997481757770964e-15,9.152277434069744e-12
0.0735,11,1.8776937318842555,4.17837148374091e-15,9.078035992216863e-12
0.0787,11,2.086816516961496,4.355028838962732e-15,9.00735948085934e-12
0.084,11,2.3267760938429407,4.538146902667076e-15,8.937309367835141e-12
0.0893,11,2.600474987242477,4.724632152747439e-15,8.869429739490492e-12
0.0945,11,2.9142090424028346,4.915483121439267e-15,8.804657096898963e-12
0.0998,11,3.2920664131866295,5.116218080966097e-15,8.740593068103499e-12
0.105,11,3.732882593833457,5.320667862895206e-15,8.679870784618782e-12
0.1103,11,4.270277160292178,5.537026286434131e-15,8.61972835449039e-12
0.1156,11,4.913584653773153,5.7611062465415456e-15,8.561277292510406e-12
0.1208,11,5.658817295034832,5.986839864097225e-15,8.505895426170932e-12
0.1261,11,6.552941830477725,6.2235664909930056e-15,8.450978274467955e-12
0.0261,12,1.0,2.1443872543842284e-15,8.318332012536816e-12
0.0314,12,1.004842882603704,2.2548197327095387e-15,8.240699485346211e-12
0.0366,12,1.021384051155139,2.3798126410006936e-15,8.165837521650388e-12
0.0419,12,1.0504794020786519,2.517131639030739e-15,8.090912100876775e-12
0.0472,12,1.0910572705378676,2.6561097980686884e-15,8.017468225902525e-12
0.0524,12,1.1442905402428614,2.785889124516126e-15,7.94697032055739e-12
0.0561,12,1.1930389694942645,2.870302346984309e-15,7.897743626212867e-12
0.0629,12,1.3113900877387696,3.0056342389732284e-15,7.809378380595603e-12
0.0682,12,1.4306528478764526,3.094268112091625e-15,7.74245171579938e-12
0.0735,12,1.5717572560370865,3.171576309445162e-15,7.677217216115003e-12
0.0787,12,1.7282229320041846,3.24033970232184e-15,7.614924968261341e-12
0.084,12,1.903671123341446,3.306316326214214e-15,7.55300173828283e-12
0.0893,12,2.093067489434909,3.3724921031239106e-15,7.492859817712985e-12
0.0945,12,2.2945968634338287,3.4401953253605704e-15,7.435256343272279e-12
0.0998,12,2.518361972489424,3.514451391499533e-15,7.378143658871506e-12
0.105,12,2.760607915375048,3.593365745434283e-15,7.323828870835607e-12
0.1103,12,3.0385594746413034,3.682765883579572e-15,7.2698988816964795e-12
0.1156,12,3.357437969187539,3.780186721757228e-15,7.2173091862790136e-12
0.1208,12,3.7175263761124677,3.884673525390306e-15,7.16733179263645e-12
0.1261,12,4.145052756917339,4.001161816199121e-15,7.117691712213054e-12
0.0261,13,1.0,1.9818503460926268e-15,7.146926164615824e-12
0.0314,13,0.9979123510319369,2.0415269363423395e-15,7.079541967871929e-12
0.0366,13,1.0037594585385263,2.125777699259722e-15,7.014526955671533e-12
0.0419,13,1.0205860889898197,2.2212193729619474e-15,6.949455592505359e-12
0.0472,13,1.0470790576413322,2.320117702585565e-15,6.8855503048794666e-12
0.0524,13,1.080792463307707,2.4117338515559527e-15,6.824088501635516e-12
0.0561,13,1.109855983466945,2.470092030788335e-15,6.78108455708035e-12
0.0629,13,1.1795363067504632,2.5558850693331987e-15,6.7037594822563626e-12
0.0682,13,1.2535468742055293,2.60192205595329e-15,6.6450300300647255e-12
0.0735,13,1.347979277612829,2.631795942416041e-15,6.5876429752322395e-12
0.0787,13,1.4602872922674386,2.646710972544273e-15,6.532712213700493e-12
0.084,13,1.5932406168067936,2.6517477250205247e-15,6.477967287115172e-12
0.0893,13,1.7413177015587797,2.649438881108053e-15,6.424653730650457e-12
0.0945,13,1.8993618978588676,2.643966918351339e-15,6.373483202862036e-12
0.0998,13,2.0707060885153243,2.637306575042928e-15,6.322630914188121e-12
0.105,13,2.247443192812301,2.633124130954101e-15,6.2741296349721605e-12
0.1103,13,2.4376255303924954,2.6325618686464507e-15,6.2258776431150696e-12
0.1156,13,2.6401070270371014,2.637638617122293e-15,6.178739655766844e-12
0.1208,13,2.8529457880293574,2.6501531593762466e-15,6.133858869010844e-12
0.1261,13,3.0901753929134843,2.6707109387065507e-15,6.089167617584098e-12
0.0261,14,1.0,1.8622441427063768e-15,6.213457152092228e-12
0.0314,14,0.9940711624025198,1.881996789039084e-15,6.1545494866770675e-12
0.0366,14,0.9929354728211951,1.9336434007499e-15,6.097579614846085e-12
0.0419,14,0.9996871383136219,2.0023951707713234e-15,6.0405807726122076e-12
0.0472,14,1.0163226420586502,2.079081055182821e-15,5.984576782609722e-12
0.0524,14,1.040400439394577,2.1537643404442578e-15,5.930665023273761e-12
0.0561,14,1.0607755019397478,2.202194391426216e-15,5.892863961412418e-12
0.0629,14,1.104679169620008,2.2746281918753697e-15,5.8247649959156454e-12
0.0682,14,1.1480591333435965,2.3103739840060792e-15,5.772916226673084e-12
0.0735,14,1.2039789786069426,2.3276775050432387e-15,5.722181021913329e-12
0.0787,14,1.274266275505845,2.3273203622352765e-15,5.673562525268898e-12
0.084,14,1.3634849005939864,2.311615901976238e-15,5.624992807001498e-12
0.0893,14,1.470209386835177,2.281909140891271e-15,5.577676948177716e-12
0.0945,14,1.59077596845826,2.243780108392025e-15,5.532147373176602e-12
0.0998,14,1.7274053443679067,2.1966214420269816e-15,5.48683254803993e-12
0.105,14,1.8715607766156945,2.1474481227001456e-15,5.443501840982008e-12
0.1103,14,2.0272780870544396,2.0944603429297825e-15,5.400362852511985e-12
0.1156,14,2.1902407782288695,2.0421030504894208e-15,5.358118507067766e-12
0.1208,14,2.3550040442286324,1.994007726330299e-15,5.317796535780137e-12
0.1261,14,2.5292889806421037,1.9484000537762794e-15,5.2776010082929136e-12
0.0261,15,1.0,1.7656519824527477e-15,5.4577915466654665e-12
0.0314,15,0.99197951458711,1.7588105379688009e-15,5.405847642036263e-12
0.0366,15,0.9869950369747565,1.7799770124818455e-15,5.355606082911224e-12
0.0419,15,0.986410561015353,1.826077023825161e-15,5.305286513939934e-12
0.0472,15,0.993640693942113,1.8837721473412144e-15,5.2558204816092676e-12
0.0524,15,1.0096758385389648,1.947583215378901e-15,5.208181999158061e-12
0.0561,15,1.0253394498575639,1.9918726762662007e-15,5.174777287405983e-12
0.0629,15,1.0593757210799877,2.0638987058353056e-15,5.114524404332559e-12
0.0682,15,1.089136161535969,2.104325605215523e-15,5.068580796091835e-12
0.0735,15,1.1233729828792987,2.1278032340856004e-15,5.023532467153108e-12
0.0787,15,1.164264157962249,2.1341756192979027e-15,4.980286858443673e-12
0.084,15,1.2171382194139924,2.1215931875311466e-15,4.937014332647681e-12
0.0893,15,1.2835754052010648,2.0934265732006536e-15,4.894799729919401e-12
0.0945,15,1.3640298169155536,2.050377322519399e-15,4.854112339518927e-12
0.0998,15,1.4611394287896606,1.995155193385903e-15,4.813579891265701e-12
0.105,15,1.5701935340125186,1.930446458141521e-15,4.774789543030521e-12
0.1103,15,1.6937767691817927,1.8582030941992947e-15,4.7361025416107636e-12
0.1156,15,1.8280140017288644,1.779483429320116e-15,4.6981819795817595e-12
0.1208,15,1.9671744133210702,1.6996234854698976e-15,4.6619454578988795e-12
0.1261,15,2.115249970823499,1.6181343461093277e-15,4.6257849873026784e-12
0.0261,16,1.0,1.6767761493092449e-15,4.8362178142536295e-12
0.0314,16,0.9909293002787304,1.6582942200302944e-15,4.789998503174262e-12
0.0366,16,0.9836917036660019,1.6567806384166981e-15,4.745309789066553e-12
0.0419,16,0.9790359553113483,1.6788831623579445e-15,4.700558235037382e-12
0.0472,16,0.9787822697975499,1.7184501729703225e-15,4.656584572580008e-12
0.0524,16,0.9860007728761818,1.7692382712000598e-15,4.6142167537883695e-12
0.0561,16,0.9962572349021097,1.8089933831150196e-15,4.584480308943328e-12
0.0629,16,1.023660797785226,1.8802778831321772e-15,4.530805932828481e-12
0.0682,16,1.0491115450751558,1.9285315725246514e-15,4.489848564369829e-12
0.0735,16,1.0761082537760331,1.963970807015202e-15,4.44966980167132e-12
0.0787,16,1.1042124179688035,1.9842033229983486e-15,4.411067205444414e-12
0.084,16,1.1363691278556844,1.9876345754266908e-15,4.37241299980908e-12
0.0893,16,1.1752564802460008,1.974621250230335e-15,4.334646668562889e-12
0.0945,16,1.222517362331719,1.9451832033175352e-15,4.298210881961072e-12
0.0998,16,1.2826251757816984,1.9005909686596892e-15,4.2618644551529236e-12
0.105,16,1.3538426086590813,1.8430992299326585e-15,4.227020056524978e-12
0.1103,16,1.4400357141605338,1.7733724495543577e-15,4.192245090230096e-12
0.1156,16,1.5392893285116824,1.693244078324355e-15,4.158125478335609e-12
0.1208,16,1.6474182212539599,1.6068197223926246e-15,4.125472407367471e-12
0.1261,16,1.7680264805511716,1.513395985064143e-15,4.092846304676072e-12
0.0261,17,1.0,1.5870824464830752e-15,4.3195238636146416e-12
0.0314,17,0.9904291586664418,1.5689347091171313e-15,4.2781042468649755e-12
0.0366,17,0.9821593846990552,1.5545597632912026e-15,4.238090791893135e-12
0.0419,17,0.9753008506047458,1.5550845518966685e-15,4.197986483963519e-12
0.0472,17,0.9707711397652407,1.576119647515842e-15,4.158564778850645e-12
0.0524,17,0.9706530567099024,1.6109349005671186e-15,4.120621018941014e-12
0.0561,17,0.9747826538226652,1.6424381656756618e-15,4.0940023163024574e-12
0.0629,17,0.9926691252227835,1.7086545511468533e-15,4.045909543983355e-12
0.0682,17,1.0141855609195078,1.7599879552556509e-15,4.009175312098635e-12
0.0735,17,1.039105411650602,1.804713015329568e-15,3.973103853761451e-12
0.0787,17,1.064419095749771,1.8383303290950976e-15,3.938413136778004e-12
0.084,17,1.0904739849130922,1.860878559146222e-15,3.9036360391577554e-12
0.0893,17,1.1172919019354173,1.8668718473098095e-15,3.869675524082931e-12
0.0945,17,1.1465988768182998,1.8593978094061347e-15,3.836863043796191e-12
0.0998,17,1.181657114680431,1.834379987979757e-15,3.80413902516807e-12
0.105,17,1.223580731601062,1.797262155962676e-15,3.77272896632662e-12
0.1103,17,1.2758566570933472,1.7436363730245169e-15,3.74140042478402e-12
0.1156,17,1.339383901210125,1.6779720807724437e-15,3.710612043061845e-12
0.1208,17,1.4127430960319871,1.6034330581586734e-15,3.681099469579485e-12
0.1261,17,1.4989714669829408,1.5161975772082314e-15,3.651614640416476e-12
0.0261,18,1.0,1.4970001475074644e-15,3.884078161383579e-12
0.0314,18,0.9901993801837448,1.4844215232946984e-15,3.846702563748149e-12
0.0366,18,0.9813896091138941,1.465252883939246e-15,3.810655957958524e-12
0.0419,18,0.9733439400742387,1.452586544314712e-15,3.774532080190992e-12
0.0472,18,0.9666535185912905,1.4553978809099405e-15,3.739024585713241e-12
0.0524,18,0.9622649791201279,1.472915689035664e-15,3.704852685916683e-12
0.0561,18,0.9616282987291321,1.4937133131332174e-15,3.680883577424096e-12
0.0629,18,0.9686895056109539,1.547204265392426e-15,3.637549699810594e-12
0.0682,18,0.982853395775439,1.5952457160071734e-15,3.6044271958352682e-12
0.0735,18,1.0032957775096973,1.6432894935941201e-15,3.571890130881541e-12
0.0787,18,1.026966602798451,1.6863308302909725e-15,3.5405696898659817e-12
0.084,18,1.052610871665984,1.7230889278757541e-15,3.5091524524944965e-12
0.0893,18,1.0779144194464534,1.7475467155125438e-15,3.478471338630353e-12
0.0945,18,1.1026200884260204,1.760848216854822e-15,3.4487974248155227e-12
0.0998,18,1.128103294407885,1.759078861235597e-15,3.4191993925945834e-12
0.105,18,1.1552443150472185,1.7452485763362988e-15,3.390758203949855e-12
0.1103,18,1.1867998294945454,1.7155580250646173e-15,3.362378106289812e-12
0.1156,18,1.2245976189240533,1.6725956011144597e-15,3.3344772484498576e-12
0.1208,18,1.269058191021579,1.6191202364388457e-15,3.3077084364368525e-12
0.1261,18,1.3232399721294705,1.551186827975584e-15,3.280954189905487e-12
0.0261,19,1.0,1.4070144860450708e-15,3.514264052931447e-12
0.0314,19,0.9900806265680253,1.4000174213095453e-15,3.480319039549357e-12
0.0366,19,0.9809665864627054,1.3827060678856144e-15,3.4476393797397664e-12
0.0419,19,0.9723770196480536,1.3645931460532105e-15,3.4149314074302778e-12
0.0472,19,0.9646376864947815,1.3532535706878557e-15,3.382799724454117e-12
0.0524,19,0.9581723691892525,1.3549430646564885e-15,3.3518518788633196e-12
0.0561,19,0.9546115022077798,1.3644998755047694e-15,3.3301369135278467e-12
0.0629,19,0.9527310044246896,1.399783662547179e-15,3.2908698268631e-12
0.0682,19,0.9583914666366891,1.4390255397827957e-15,3.260851165265786e-12
0.0735,19,0.9716305072111111,1.4840243597532834e-15,3.231371615085834e-12
0.0787,19,0.9911485593925091,1.5301698504030137e-15,3.202976775882814e-12
0.084,19,1.0155231146549677,1.5743510714114956e-15,3.1744934998793578e-12
0.0893,19,1.041885835964168,1.6126639684749409e-15,3.146652722821108e-12
0.0945,19,1.0677662797873122,1.6420957667425276e-15,3.119713831787145e-12
0.0998,19,1.0930761187640488,1.6617319597900334e-15,3.0928201362834264e-12
0.105,19,1.116647056643191,1.6695486411133408e-15,3.066957598311442e-12
0.1103,19,1.1403400309325966,1.6651537822464954e-15,3.041115711315302e-12
0.1156,19,1.165174414193014,1.6475504203447749e-15,3.0157176841357093e-12
0.1208,19,1.1919457625529488,1.618481650622215e-15,2.9913430054285692e-12
0.1261,19,1.2237756144380956,1.5761874257943586e-15,2.9669593010280164e-12
0.0261,20,1.0,1.3173387411069648e-15,3.197277573021578e-12
0.0314,20,0.9899637419400138,1.3123851184335525e-15,3.1662848976395627e-12
0.0366,20,0.980692815624136,1.3016721340239656e-15,3.1364773679111866e-12
0.0419,20,0.971912751291725,1.2836045522265618e-15,3.1066826376070017e-12
0.0472,20,0.9635698588528885,1.265538479954368e-15,3.077425994477393e-12
0.0524,20,0.9560393104187412,1.2554940358111321e-15,3.0492308762493707e-12
0.0561,20,0.9512074156420082,1.2550274423626022e-15,3.029449489659166e-12
0.0629,20,0.9444659593166648,1.2703683995916969e-15,2.993681378356863e-12
0.0682,20,0.9433399402609848,1.2967277926222909e-15,2.9663477440441753e-12
0.0735,20,0.9482355824725108,1.3328427905753917e-15,2.93950990190889e-12
0.0787,20,0.9599613714128703,1.3744476728939166e-15,2.9136505237873057e-12
0.084,20,0.9784128593829525,1.4191489381378266e-15,2.887710215352804e-12
0.0893,20,1.0019570781305183,1.4634523679816376e-15,2.8623340053027644e-12
0.0945,20,1.0278246012957333,1.502773586749169e-15,2.837772948841441e-12
0.0998,20,1.0550800123807111,1.537211736926673e-15,2.813229382583988e-12
0.105,20,1.0809747598913044,1.5622933702147346e-15,2.7896307797703556e-12
0.1103,20,1.1060049046186569,1.578824662067143e-15,2.7660240888039972e-12
0.1156,20,1.1296676740248708,1.5845311822864062e-15,2.7428100462054504e-12
0.1208,20,1.15187605847988,1.5788719641231513e-15,2.7205294153397187e-12
0.1261,20,1.1749621774245829,1.5621364173870685e-15,2.698228449150256e-12
0.0261,21,1.0,1.2291592777543076e-15,2.923680682190944e-12
0.0314,21,0.9898448259835172,1.2234460236060056e-15,2.8952558846492153e-12
0.0366,21,0.9804455505710935,1.2191981764729801e-15,2.867926108990601e-12
0.0419,21,0.9715924495788146,1.2050549943544728e-15,2.8406282496598567e-12
0.0472,21,0.9629781634377769,1.1867976577859628e-15,2.813829905115808e-12
0.0524,21,0.9549341776730751,1.170043432367967e-15,2.788000353529658e-12
0.0561,21,0.9496467053926438,1.1623061277689758e-15,2.769888755651792e-12
0.0629,21,0.9408626797629438,1.1597478890139132e-15,2.737149204500954e-12
0.0682,21,0.9354987927789122,1.1717248544127037e-15,2.71214783173696e-12
0.0735,21,0.9334432972757646,1.195403771504438e-15,2.687599439326011e-12
0.0787,21,0.9367538191514476,1.2270951617310417e-15,2.6639417371849313e-12
0.084,21,0.9467318657987039,1.2663035752962944e-15,2.6402073446980907e-12
0.0893,21,0.9636395111134369,1.309427843578365e-15,2.616973665085867e-12
0.0945,21,0.9858877259279374,1.3520656804244717e-15,2.5944820954859583e-12
0.0998,21,1.0125616391691474,1.3941033154322562e-15,2.571988347249671e-12
0.105,21,1.040535575568514,1.4305709399295677e-15,2.550370382123935e-12
0.1103,21,1.069242902351501,1.4620112550563237e-15,2.5287302601798957e-12
0.1156,21,1.0968665200636245,1.4861784771549062e-15,2.5074311590644546e-12
0.1208,21,1.1220449214809847,1.5004008133653997e-15,2.486988356562359e-12
0.1261,21,1.1459212082955272,1.506134509657201e-15,2.466519269547195e-12
0.0261,22,1.0,1.1434335663725232e-15,2.6854535710830163e-12
0.0314,22,0.9897426263032766,1.1359147527558233e-15,2.6592870218682917e-12
0.0366,22,0.9801591217630429,1.1337361649470596e-15,2.634128691915025e-12
0.0419,22,0.9711723495856579,1.1256464330133853e-15,2.6089963770113844e-12
0.0472,22,0.9625757210312315,1.1115970714784946e-15,2.5843273988143916e-12
0.0524,22,0.9543318707319263,1.0933806968165738e-15,2.560555545223849e-12
0.0561,22,0.9486593158694594,1.0821666537917373e-15,2.543898730146018e-12
0.0629,22,0.9389124000177272,1.0669766380226537e-15,2.5138016023726636e-12
0.0682,22,0.9318515920999487,1.0657920462271565e-15,2.490836012429496e-12
0.0735,22,0.9261453225134256,1.0760880461580232e-15,2.468284571860901e-12
0.0787,22,0.9235365837211862,1.0955026218285033e-15,2.4465483313630967e-12
0.084,22,0.9255521451899937,1.1246141806488004e-15,2.4247381954686297e-12
0.0893,22,0.933834060184198,1.1610977789139654e-15,2.4033752796528828e-12
0.0945,22,0.9484506404396224,1.2008057825202848e-15,2.382692932927279e-12
0.0998,22,0.969413422233645,1.2438056505980169e-15,2.3619976008500824e-12
0.105,22,0.9945473804135717,1.2849996363760805e-15,2.342103558866004e-12
0.1103,22,1.0232443542116372,1.324885684939944e-15,2.322183567151793e-12
0.1156,22,1.0532730587251473,1.360841797759974e-15,2.3025739920334573e-12
0.1208,22,1.0824507035127404,1.389655604011929e-15,2.283753030727237e-12
0.1261,22,1.11098306539396,1.4128764303241578e-15,2.2648951489377836e-12
0.0261,23,1.0,1.0592304125940018e-15,2.476883424993637e-12
0.0314,23,0.9896678769279557,1.0504200561030482e-15,2.4527059059653794e-12
0.0366,23,0.979904469544687,1.0470632963184665e-15,2.429455939454772e-12
0.0419,23,0.9706891868158913,1.0442177086013873e-15,2.4062134640064737e-12
0.0472,23,0.9621147331719002,1.0358930752335876e-15,2.3834014405387168e-12
0.0524,23,0.9538920311010809,1.0205559006445472e-15,2.361431525124605e-12
0.0561,23,0.947995063475024,1.0089416500311025e-15,2.3460494222200933e-12
0.0629,23,0.937750762485988,9.873557772029685e-16,2.318267259529086e-12
0.0682,23,0.9302436951263033,9.76344440035811e-16,2.297081232369936e-12
0.0735,23,0.9231741865953089,9.744295821725214e-16,2.276276377790131e-12
0.0787,23,0.9173152253249719,9.815675413827656e-16,2.2562219936902705e-12
0.084,23,0.9135878941929938,9.984554551814854e-16,2.2360966105556637e-12
0.0893,23,0.9140303928625737,1.0246482062886269e-15,2.2163786700109825e-12
0.0945,23,0.9199271771330497,1.0568756767271525e-15,2.1972878537909605e-12
0.0998,23,0.9323255860823457,1.0952603582300291e-15,2.178182043815646e-12
0.105,23,0.9505976920637151,1.1353610286209861e-15,2.159806538837963e-12
0.1103,23,0.974767188023282,1.1775066351957102e-15,2.1414064600871895e-12
0.1156,23,1.0031111925021505,1.2187603008953702e-15,2.123295965775315e-12
0.1208,23,1.0333638842809,1.2563798456732334e-15,2.1059122328128727e-12
0.1261,23,1.065305824080196,1.2912693301900333e-15,2.0884833199079996e-12
0.0261,24,1.0,9.754735547149664e-16,2.2931161453470747e-12
0.0314,24,0.9896244128910289,9.670097602462527e-16,2.2706895572953413e-12
0.0366,24,0.9797510491324983,9.615156911309846e-16,2.2491173766594173e-12
0.0419,24,0.9702342264345021,9.606356798958928e-16,2.227536339301117e-12
0.0472,24,0.9614491308467099,9.569467389805745e-16,2.2063564131291838e-12
0.0524,24,0.9533685805796849,9.473555202145726e-16,2.1859753454270896e-12
0.0561,24,0.947581402720654,9.373549963821928e-16,2.1717166765376327e-12
0.0629,24,0.9370590106249653,9.15560966703944e-16,2.1459707002920464e-12
0.0682,24,0.9291464036004811,8.995287523169508e-16,2.1263429664156296e-12
0.0735,24,0.9215626409735883,8.883841244001447e-16,2.1070704011383706e-12
0.0787,24,0.9144761993156759,8.851917892190162e-16,2.088494473791288e-12
0.084,24,0.9080379220162824,8.902393818950914e-16,2.0698521078306116e-12
0.0893,24,0.9036374960214304,9.044084351343362e-16,2.0515941955995996e-12
0.0945,24,0.9027260653753757,9.265686604484773e-16,2.0339155331626826e-12
0.0998,24,0.9067340269615701,9.561360863228275e-16,2.016227247870389e-12
0.105,24,0.9163665724412322,9.906015567212449e-16,1.999213873055055e-12
0.1103,24,0.9324000109480686,1.0294837448046447e-15,1.982177858294356e-12
0.1156,24,0.9542969320979335,1.0703434672913549e-15,1.9654056921302313e-12
0.1208,24,0.9804746562051336,1.1109896791074372e-15,1.94930147726248e-12
0.1261,24,1.0108725129833436,1.1514175919420512e-15,1.9331538223283107e-12
0.0261,25,1.0,8.923951264400093e-16,2.130425503428958e-12
0.0314,25,0.9895983121845117,8.854938630070117e-16,2.109540115579534e-12
0.0366,25,0.979649696776057,8.783399374566254e-16,2.089449603862274e-12
0.0419,25,0.9698618598092397,8.767423993699751e-16,2.0693450578733973e-12
0.0472,25,0.9607566726344646,8.7584760865384955e-16,2.0496153484049543e-12
0.0524,25,0.9526682071951473,8.722510223916883e-16,2.030642132663464e-12
0.0561,25,0.9470824204470008,8.6519366638737805e-16,2.017373689665765e-12
0.0629,25,0.9365832063334835,8.475193615545963e-16,1.993419405562488e-12
0.0682,25,0.9283916390197665,8.307785266843033e-16,1.9751584416979163e-12
0.0735,25,0.9205644065444254,8.14441302537689e-16,1.9572333151698293e-12
0.0787,25,0.9131550953513249,8.037875733949761e-16,1.9399639982353968e-12
0.084,25,0.9058558565400471,7.9895156862452e-16,1.9226363697477475e-12
0.0893,25,0.8991724302902363,8.016022347589312e-16,1.9056781260625157e-12
0.0945,25,0.8940572150213988,8.127760370004111e-16,1.8892590445496458e-12
0.0998,25,0.8916838787520261,8.314669511099508e-16,1.8728371400519357e-12
0.105,25,0.8934340275582937,8.571638617463378e-16,1.8570443258803145e-12
0.1103,25,0.9005298408834697,8.88743915009226e-16,1.841229448185936e-12
0.1156,25,0.9136270904558706,9.247924094401229e-16,1.8256520963056834e-12
0.1208,25,0.9321746032378613,9.634356657156589e-16,1.8106875630302693e-12
0.1261,25,0.9565887147360154,1.0040021027252669e-15,1.7956840793401086e-12
0.0261,26,1.0,8.104660154823161e-16,1.9855454768970256e-12
0.0314,26,0.9895746817537212,8.055188711740413e-16,1.9660206915709303e-12
0.0366,26,0.9795442930154615,7.9815408516727245e-16,1.9472485884009263e-12
0.0419,26,0.9696007255037115,7.945242160170189e-16,1.9284727168419786e-12
0.0472,26,0.9602275698210643,7.944595659941213e-16,1.9100481661888665e-12
0.0524,26,0.951789144718467,7.947380270645071e-16,1.8923300893939685e-12
0.0561,26,0.9462331120609985,7.912648523466509e-16,1.879935539309199e-12
0.0629,26,0.9360915603285108,7.797993273329258e-16,1.8575612151985947e-12
0.0682,26,0.9280122933175451,7.656073268309999e-16,1.8405046576661943e-12
0.0735,26,0.9199674618146703,7.485839560014221e-16,1.823769882913088e-12
0.0787,26,0.912224662810159,7.33844802312688e-16,1.8076632047034714e-12
0.084,26,0.9045718501303956,7.222258807076382e-16,1.7915106312293702e-12
0.0893,26,0.8971485470092317,7.158472329872942e-16,1.7757109215969744e-12
0.0945,26,0.8902926974507982,7.166910579484169e-16,1.760419934784599e-12
0.0998,26,0.8845306377835905,7.245795435031748e-16,1.7451291710924068e-12
0.105,26,0.8810921829964323,7.39894073460131e-16,1.7304233225917577e-12
0.1103,26,0.8810846719941314,7.61825826623485e-16,1.715694124106948e-12
0.1156,26,0.8857742056977407,7.90044021118814e-16,1.7011826584837541e-12
0.1208,26,0.8955276263869386,8.227149724601664e-16,1.6872340816750262e-12
0.1261,26,0.9112411007973208,8.590810678856695e-16,1.673245785766827e-12
0.0261,27,1.0,7.298037301810762e-16,1.855922999036103e-12
0.0314,27,0.9895490005535047,7.263151561816324e-16,1.837613160782475e-12
0.0366,27,0.9794519279726871,7.201515638060752e-16,1.8200206903463113e-12
0.0419,27,0.9694208951789219,7.14569471215988e-16,1.8024413555657578e-12
0.0472,27,0.9598331538791507,7.139153599622848e-16,1.7851936893397053e-12
0.0524,27,0.9509320331300807,7.157237757136006e-16,1.768601647954158e-12
0.0561,27,0.9452324333282497,7.153935279432585e-16,1.7569874758194605e-12
0.0629,27,0.935345681209671,7.102825769329383e-16,1.7360224483083941e-12
0.0682,27,0.9275726505340172,7.005619696323394e-16,1.720039950768108e-12
0.0735,27,0.9195263719976585,6.86233878240919e-16,1.7043660972146556e-12
0.0787,27,0.9115820555407431,6.706538465189371e-16,1.689295898378468e-12
0.084,27,0.9037583492585326,6.557155886600132e-16,1.6741921724870093e-12
0.0893,27,0.8962107310796132,6.434420318366323e-16,1.659423894409735e-12
0.0945,27,0.8888941995367546,6.361167619424494e-16,1.645139245580985e-12
0.0998,27,0.881760603663873,6.346048848882174e-16,1.630856531188303e-12
0.105,27,0.8755415710557185,6.397560753915121e-16,1.617118718779539e-12
0.1103,27,0.8709127051341189,6.513980164862116e-16,1.6033568450275442e-12
0.1156,27,0.8691708205290514,6.701866894824113e-16,1.5897987653776877e-12
0.1208,27,0.8712005501400018,6.944767679048375e-16,1.5767605106628477e-12
0.1261,27,0.8781421480424836,7.236454611151435e-16,1.5636803398891533e-12
0.0261,28,1.0,6.504600616557839e-16,1.7393407019648162e-12
0.0314,28,0.9895209387953581,6.472858562136657e-16,1.7221322323631764e-12
0.0366,28,0.9793975245576291,6.433204024788594e-16,1.7056018894937828e-12
0.0419,28,0.9692866225868425,6.369976630081468e-16,1.6890980690125146e-12
0.0472,28,0.9595109745703887,6.350395750550558e-16,1.6729110335193797e-12
0.0524,28,0.950286987590195,6.364427933057849e-16,1.6573364296422433e-12
0.0561,28,0.9443326423998815,6.378851733754728e-16,1.646430303072244e-12
0.0629,28,0.9342100079455217,6.377109963660825e-16,1.626741667480604e-12
0.0682,28,0.9266776694550528,6.33058331926438e-16,1.6117315038464065e-12
0.0735,28,0.9190145528958686,6.233451266691481e-16,1.597013776931983e-12
0.0787,28,0.9112692569331489,6.097587933275532e-16,1.5828689831704417e-12
0.084,28,0.9034013417330784,5.949182209389519e-16,1.568698629678614e-12
0.0893,28,0.8956677133801987,5.800540660309448e-16,1.554847727059237e-12
0.0945,28,0.8880546034164218,5.67860830852217e-16,1.5414560388270997e-12
0.0998,28,0.8803718426065019,5.593227493210721e-16,1.528069912564521e-12
0.105,28,0.8730070551320099,5.56153567341515e-16,1.5151967059166648e-12
0.1103,28,0.8661904920970633,5.584078775369957e-16,1.5023016021678737e-12
0.1156,28,0.8608403076541558,5.6752516047877325e-16,1.4895999338028185e-12
0.1208,28,0.8578209235964463,5.825865929961423e-16,1.4773830669778712e-12
0.1261,28,0.858140150846418,6.029356977050932e-16,1.4651258031680652e-12
0.0261,29,1.0,5.725773115211575e-16,1.6342110575099105e-12
0.0314,29,0.9894964099986404,5.689413118068075e-16,1.618005185246326e-12
0.0366,29,0.9793728962515315,5.672516488708862e-16,1.60243625180302e-12
0.0419,29,0.9691886103315165,5.614509236983778e-16,1.586901232345329e-12
0.0472,29,0.9592615712149843,5.58155270692234e-16,1.5716715825663497e-12
0.0524,29,0.949849529030667,5.580271171608983e-16,1.5570185818317505e-12
0.0561,29,0.9436019551535895,5.599495135184149e-16,1.5467568663931114e-12
0.0629,29,0.9329185187939262,5.62953816797551e-16,1.5282279299768394e-12
0.0682,29,0.9254506350991942,5.629552772205202e-16,1.5141005483260188e-12
0.0735,29,0.9182754412259048,5.585618605193601e-16,1.5002468151483552e-12
0.0787,29,0.9109543523596558,5.489181349757924e-16,1.4869305903957452e-12
0.084,29,0.9031920510197676,5.366889325910117e-16,1.4735930174585813e-12
0.0893,29,0.8952949910143195,5.221451269290742e-16,1.4605597315011277e-12
0.0945,29,0.8874728224087337,5.081397323419407e-16,1.4479619622299574e-12
0.0998,29,0.8796561304430994,4.953034910648825e-16,1.4353742760951589e-12
0.105,29,0.8720936008486474,4.861317604347327e-16,1.4232743886954165e-12
0.1103,29,0.8646744100179995,4.807883710938652e-16,1.411156451122939e-12
0.1156,29,0.8578082630188524,4.810781218494148e-16,1.399224294451682e-12
0.1208,29,0.8520402429417318,4.871234766093154e-16,1.3877490397690908e-12
0.1261,29,0.8480031597624496,4.982571909990977e-16,1.3762371863284544e-12
0.0261,30,1.0,4.963204090157174e-16,1.5391039974251613e-12
0.0314,30,0.989482441176557,4.92068664085921e-16,1.523812440811284e-12
0.0366,30,0.9793626833274764,4.916871053122759e-16,1.5091198647747841e-12
0.0419,30,0.9691240524171204,4.874520441574659e-16,1.4944620407761058e-12
0.0472,30,0.9590997697993249,4.834601250243905e-16,1.480099787363211e-12
0.0524,30,0.9495706864761838,4.815831626870372e-16,1.4662833834150332e-12
0.0561,30,0.9430627247849531,4.830223344164199e-16,1.4566080214700906e-12
0.0629,30,0.9317775148940497,4.874121056809768e-16,1.4391329167269408e-12
0.0682,30,0.9241271282405237,4.907224156890844e-16,1.4258068277774186e-12
0.0735,30,0.9171768150894989,4.912007644798754e-16,1.4127346235035184e-12
0.0787,30,0.9102372419256418,4.864439649317688e-16,1.4001641582223085e-12
0.084,30,0.902770269353955,4.78222285310063e-16,1.3875746951054202e-12
0.0893,30,0.8949863257402322,4.663755950485734e-16,1.3752738770403556e-12
0.0945,30,0.8872075725777804,4.530221305244709e-16,1.3633868099512549e-12
0.0998,30,0.8794660165241227,4.388151094345798e-16,1.3515131498166145e-12
0.105,30,0.872021661969366,4.2614624362664973e-16,1.340106600112896e-12
0.1103,30,0.8645961109956583,4.157188505694587e-16,1.3286854635814577e-12
0.1156,30,0.85725089989819,4.0904274678426703e-16,1.317444631486114e-12
0.1208,30,0.8502254254123399,4.0721981960178382e-16,1.3066384862267157e-12
0.1261,30,0.8437249393197069,4.099316038537808e-16,1.2957987374111898e-12
0.0261,31,1.0,4.217671050161567e-16,1.4526797382793262e-12
0.0314,31,0.9894828365843005,4.1724790625222933e-16,1.438224170050673e-12
0.0366,31,0.9793537135056116,4.165163426441862e-16,1.4243365313209604e-12
0.0419,31,0.9690880740813526,4.1455129454513863e-16,1.410478067916758e-12
0.0472,31,0.9590278575550769,4.1099768053856303e-16,1.3969051740239957e-12
0.0524,31,0.9494038108587418,4.079393651479195e-16,1.3838502500091149e-12
0.0561,31,0.9427197812246737,4.0830006039566323e-16,1.374708536073554e-12
0.0629,31,0.9310029612600232,4.123684132465459e-16,1.358191987581875e-12
0.0682,31,0.9229027353979635,4.1698817948504923e-16,1.345593777813799e-12
0.0735,31,0.9156768055354273,4.209423601850867e-16,1.3332302357390622e-12
0.0787,31,0.9088727373057403,4.210546231754832e-16,1.3213358765406186e-12
0.084,31,0.9018719397224954,4.172287475941824e-16,1.3094244475394622e-12
0.0893,31,0.894610355179774,4.0981957810019703e-16,1.2977847097232876e-12
0.0945,31,0.887215998473387,3.9898499713308454e-16,1.286539598872855e-12
0.0998,31,0.8796111240586506,3.8631473113219516e-16,1.2753085417737229e-12
0.105,31,0.8721512374296407,3.7273161129194433e-16,1.264526078296265e-12
0.1103,31,0.8645917935919192,3.602121497449397e-16,1.253730659750427e-12
0.1156,31,0.8569905627240242,3.4923367613121523e-16,1.243111536035266e-12
0.1208,31,0.8495129082577026,3.4149697729976963e-16,1.23290908094669e-12
0.1261,31,0.8420357939992852,3.3758002239473327e-16,1.2226731089040872e-12
0.0261,32,1.0,3.4864643695184926e-16,1.3739596359010921e-12
0.0314,32,0.989490402694434,3.4423043981239783e-16,1.3602695424101558e-12
0.0366,32,0.9793382472281108,3.422200057519261e-16,1.3471209159979309e-12
0.0419,32,0.9690673948847982,3.4240886217689e-16,1.333992400979228e-12
0.0472,32,0.9590030384250761,3.401949370676543e-16,1.321137569588471e-12
0.0524,32,0.9493021066015609,3.3681223922976197e-16,1.3087751441296957e-12
0.0561,32,0.9425156398218252,3.360216689096865e-16,1.3001188263032473e-12
0.0629,32,0.9305241447049157,3.3863122083066814e-16,1.2844752180771145e-12
0.0682,32,0.921865808264153,3.4301628867500287e-16,1.2725396022192346e-12
0.0735,32,0.9140551263671725,3.48922517053676e-16,1.2608211740039572e-12
0.0787,32,0.9071327010426068,3.530934357344829e-16,1.2495429421314004e-12
0.084,32,0.900531680139698,3.5348241515827936e-16,1.23824876224833e-12
0.0893,32,0.8939177753267299,3.512060925675014e-16,1.227209082561959e-12
0.0945,32,0.8870759520203353,3.441385343827575e-16,1.2165462367572897e-12
0.0998,32,0.8797077901069547,3.350159924081545e-16,1.2058963800450706e-12
0.105,32,0.8722284742128794,3.2273847948207443e-16,1.1956771818929354e-12
0.1103,32,0.864511714086819,3.106150238755679e-16,1.1854458539099616e-12
0.1156,32,0.8567895794865817,2.9793542136996893e-16,1.1753868270975494e-12
0.1208,32,0.8492997148471862,2.8653212290468166e-16,1.1657289681479009e-12
0.1261,32,0.8417324217730657,2.780212258234133e-16,1.1560365710827437e-12
0.0261,33,1.0,2.7660026389034087e-16,1.302055330934129e-12
0.0314,33,0.9894957890954157,2.7256051834945172e-16,1.2890674769486562e-12
0.0366,33,0.9793101875153357,2.694265080318419e-16,1.2765953987732019e-12
0.0419,33,0.969047475814384,2.7071241365715583e-16,1.2641345055754677e-12
0.0472,33,0.958974340703564,2.703247587810339e-16,1.2519318763278405e-12
0.0524,33,0.9492210861754188,2.6764031947440475e-16,1.2401981650171468e-12
0.0561,33,0.9423813814876075,2.6618677569387247e-16,1.231983220341261e-12
0.0629,33,0.9302080999434122,2.668904925463085e-16,1.2171363626692585e-12
0.0682,33,0.9210755034332875,2.702292853039538e-16,1.205806196820522e-12
0.0735,33,0.9126509518461051,2.7664094145040003e-16,1.1946785825490198e-12
0.0787,33,0.9053937860220729,2.833099751482027e-16,1.1839653034979374e-12
0.084,33,0.8988510169469666,2.872732905214708e-16,1.173235552361469e-12
0.0893,33,0.8926451629232937,2.896778821272437e-16,1.1627444253098232e-12
0.0945,33,0.8863000126593032,2.8700125210889553e-16,1.152611854087258e-12
0.0998,33,0.8793476611276939,2.8232165689998403e-16,1.1424910727176808e-12
0.105,33,0.8721009313766852,2.730964696676932e-16,1.1327821746803805e-12
0.1103,33,0.864491874744649,2.6310770858512774e-16,1.123062808858457e-12
0.1156,33,0.8568666838809639,2.510499616381955e-16,1.1135101306386914e-12
0.1208,33,0.8495310386716733,2.3839138408672455e-16,1.1043439094549712e-12
0.1261,33,0.8421452359287184,2.273734166102457e-16,1.0951437986697026e-12
0.0261,34,1.0,2.053509656028054e-16,1.2361304358423799e-12
0.0314,34,0.9894941388843609,2.0187004784398342e-16,1.2237883042622636e-12
0.0366,34,0.9792696022141435,1.9859401596750024e-16,1.2119343043408426e-12
0.0419,34,0.9690205748885732,1.993118761440979e-16,1.2000855682242973e-12
0.0472,34,0.9589102609574112,2.0082944500147463e-16,1.1884753861772832e-12
0.0524,34,0.9491315202415945,1.99874369900516e-16,1.1773124067545769e-12
0.0561,34,0.9422671064734104,1.9865346780889895e-16,1.1694991824751772e-12
0.0629,34,0.9299537955253999,1.976569685299911e-16,1.1553818460757414e-12
0.0682,34,0.9205651883326849,1.997936430128264e-16,1.144607590781657e-12
0.0735,34,0.911707162135346,2.0543907533699251e-16,1.134024824289836e-12
0.0787,34,0.9039514860352029,2.125612937100864e-16,1.1238332972565092e-12
0.084,34,0.8969642548361234,2.1906712282599436e-16,1.1136226368108222e-12
0.0893,34,0.890679122360699,2.247707146106815e-16,1.1036371860178498e-12
0.0945,34,0.8845987177652578,2.264980797329481e-16,1.0939902386237814e-12
0.0998,34,0.8782505631315908,2.2617098946435763e-16,1.0843549120606745e-12
0.105,34,0.8716229532539016,2.2121387260731387e-16,1.0751108683975249e-12
0.1103,34,0.8645557268403707,2.143993489983634e-16,1.0658599202733945e-12
0.1156,34,0.8572883654337184,2.0492045430944386e-16,1.0567673384968678e-12
0.1208,34,0.8500828808755968,1.934234641763778e-16,1.0480459025811046e-12
0.1261,34,0.842716462797795,1.8196117245061246e-16,1.039294851157639e-12
0.0261,35,1.0,1.349430046749345e-16,1.1755564503708837e-12
0.0314,35,0.9894961303300471,1.3214154386685723e-16,1.1638080010957289e-12
0.0366,35,0.9792391668714625,1.2949970839134803e-16,1.1525197363011664e-12
0.0419,35,0.9690023829507762,1.2870621901078555e-16,1.1412336590720142e-12
0.0472,35,0.9588445677902718,1.3182903566536134e-16,1.1301649497278862e-12
0.0524,35,0.9490545107540971,1.3301407243406999e-16,1.119522942796048e-12
0.0561,35,0.9421831317265273,1.3271371761662644e-16,1.1120767214145476e-12
0.0629,35,0.929758046685255,1.3072449301247527e-16,1.0986287740573389e-12
0.0682,35,0.9202807834010097,1.3185156182621307e-16,1.0883663466154413e-12
0.0735,35,0.9111614058719836,1.3602530306310688e-16,1.0782871368010712e-12
0.0787,35,0.9028613571511592,1.421343627296177e-16,1.0685788124753782e-12
0.084,35,0.8951514549991052,1.5003264770657418e-16,1.0588474577383197e-12
0.0893,35,0.8884331736326169,1.5759245446707438e-16,1.0493298859270717e-12
0.0945,35,0.8823507778823897,1.6317962502055583e-16,1.0401298072411708e-12
0.0998,35,0.8765506701493975,1.6664925983454628e-16,1.0309417270715582e-12
0.105,35,0.8706446977285567,1.66413656210894e-16,1.0221232666290945e-12
0.1103,35,0.8643183705700153,1.6331472824385954e-16,1.0133021153485965e-12
0.1156,35,0.8575760859183433,1.5765476970079772e-16,1.0046294060000477e-12
0.1208,35,0.8505541536329212,1.4910736914521875e-16,9.96311889593826e-13
0.1261,35,0.8431913037606417,1.3893457193971772e-16,9.879713271197473e-13
0.0261,36,1.0,6.550136439605019e-17,1.1197568460849522e-12
0.0314,36,0.9895154808252218,6.34451743865046e-17,1.1085539557309688e-12
0.0366,36,0.9792456204566728,6.175051722305103e-17,1.0977857429810499e-12
0.0419,36,0.9690131909550551,5.955667218401281e-17,1.0870185691717857e-12
0.0472,36,0.9588243403891458,6.36130058624848e-17,1.0764498072347129e-12
0.0524,36,0.9490216581022299,6.657133847786799e-17,1.0662878414383625e-12
0.0561,36,0.9421530675278523,6.751796880420986e-17,1.0591789819744159e-12
0.0629,36,0.9296402408914421,6.570768624808017e-17,1.046346922635661e-12
0.0682,36,0.9201506751215258,6.628917336462397e-17,1.0365571601718757e-12
0.0735,36,0.9108840977501187,6.894974457537463e-17,1.026943976322161e-12
0.0787,36,0.9021208217649032,7.342363327028861e-17,1.0176841263358037e-12
0.084,36,0.8937120036081296,8.151434742105536e-17,1.0083973630883889e-12
0.0893,36,0.8864211458900545,8.964399030018117e-17,9.993140645760384e-13
0.0945,36,0.8800694571901052,9.800291532340426e-17,9.905276340920598e-13
0.0998,36,0.8744706058082232,1.0437823896296863e-16,9.817532309299356e-13
0.105,36,0.8690227706882347,1.0849745767625161e-16,9.73326920921268e-13
0.1103,36,0.8633202054826001,1.0920753895116041e-16,9.649009541569723e-13
0.1156,36,0.8571498728400897,1.0780195636522491e-16,9.56613554348648e-13
0.1208,36,0.8505000461846277,1.0320468062509999e-16,9.486650486492413e-13
0.1261,36,0.843397214039965,9.565006889772276e-17,9.407002098993546e-13
0.0261,37,1.0,-2.870876304077426e-18,1.068192579634286e-12
0.0314,37,0.9895597286996486,-4.156217974583201e-18,1.0574911283813978e-12
0.0366,37,0.9793049415004591,-4.9708730115609156e-18,1.047203382413652e-12
0.0419,37,0.9690652074996452,-7.63242313333722e-18,1.036916646665641e-12
0.0472,37,0.9588796263171545,-3.554105666257799e-18,1.0268144291921892e-12
0.0524,37,0.949052586333269,2.2216659208227023e-19,1.0170992776387705e-12
0.0561,37,0.9421900129859928,2.4172043795852133e-18,1.0103027281358564e-12
0.0629,37,0.9296102294602142,2.2255488130706634e-18,9.980392843732717e-13
0.0682,37,0.9201131310731532,2.92389005921796e-18,9.886874909925745e-13
0.0735,37,0.9107645857328732,4.582540684562749e-18,9.795062949759265e-13
0.0787,37,0.9017106070032961,7.52638919557448e-18,9.706636222314165e-13
0.084,37,0.8928495627546593,1.4667696173239808e-17,9.61791208341343e-13
0.0893,37,0.8850185403970781,2.2282309629673604e-17,9.531123738354062e-13
0.0945,37,0.8781538507002773,3.193724974979303e-17,9.44711327181371e-13
0.0998,37,0.8722247589413633,4.0080567829986377e-17,9.363213180687693e-13
0.105,37,0.8667195027861863,4.751468060551248e-17,9.28259037309836e-13
0.1103,37,0.8612890115780639,5.171713165178314e-17,9.201975861965125e-13
0.1156,37,0.8556279420861054,5.4302292178903526e-17,9.122661552531752e-13
0.1208,37,0.8496027527680584,5.3940081864557576e-17,9.04657270631956e-13
0.1261,37,0.8431770500351663,4.9911755883334226e-17,8.97037134639819e-13
0.0261,38,1.0,-7.015825593387845e-17,1.0204745480061441e-12
0.0314,38,0.9896151053396303,-7.062909197767555e-17,1.0102347669864222e-12
0.0366,38,0.9793965724979786,-7.06787673620103e-17,1.0003917514572597e-12
0.0419,38,0.9691432354447327,-7.298428063403539e-17,9.905504680510608e-13
0.0472,38,0.9589835557316877,-6.950750557553151e-17,9.808842070521874e-13
0.0524,38,0.9491266348778363,-6.570109603363307e-17,9.715858529963236e-13
0.0561,38,0.9422709424546989,-6.243543536618738e-17,9.650792005440632e-13
0.0629,38,0.9296447928523756,-6.008539742850277e-17,9.53341717996543e-13
0.0682,38,0.9201312873433678,-5.870175241624824e-17,9.443958533855942e-13
0.0735,38,0.9107413113781616,-5.742608434202171e-17,9.356150284187346e-13
0.0787,38,0.901547159267774,-5.564875443112406e-17,9.271601084053378e-13
0.084,38,0.8924555085538054,-5.010786404924505e-17,9.18673879121042e-13
0.0893,38,0.8841646777330139,-4.3711204361126647e-17,9.103719149042604e-13
0.0945,38,0.8766601948419986,-3.3998985565533343e-17,9.023306299231836e-13
0.0998,38,0.8700389743093158,-2.5117632472275813e-17,8.942986079344543e-13
0.105,38,0.8640796312650685,-1.5494205781969038e-17,8.865754397890399e-13
0.1103,38,0.8585903794985211,-8.37451151486296e-18,8.788515186655334e-13
0.1156,38,0.8532849105185373,-2.3390276891427457e-18,8.712501824644868e-13
0.1208,38,0.8479509422845696,1.3906625788601448e-18,8.639552973405792e-13
0.1261,38,0.8423999710558036,1.3142804094425093e-18,8.566523436846252e-13
0.0261,39,1.0,-1.3636721736133462e-16,9.762511332721741e-13
0.0314,39,0.9896635798653387,-1.359472317299813e-16,9.664376914169457e-13
0.0366,39,0.9794925057443823,-1.3531171827165556e-16,9.57006956676443e-13
0.0419,39,0.969226478883267,-1.36779002734765e-16,9.47579166914387e-13
0.0472,39,0.9590974106882866,-1.3410733686889235e-16,9.38319762505943e-13
0.0524,39,0.9492148357585496,-1.3070201505225234e-16,9.294102757705225e-13
0.0561,39,0.9423655925544416,-1.266862708212667e-16,9.231732590102608e-13
0.0629,39,0.9297141901040137,-1.2158425029064172e-16,9.11923298772801e-13
0.0682,39,0.9201757494876935,-1.1911393757736907e-16,9.03353525350604e-13
0.0735,39,0.9107669340272163,-1.1760588537293626e-16,8.949436081903367e-13
0.0787,39,0.9015360737378022,-1.164903497464238e-16,8.868484993130609e-13
0.084,39,0.8923544293357987,-1.1260189931281552e-16,8.787217685872307e-13
0.0893,39,0.883701307009478,-1.0769906957298615e-16,8.70770901313794e-13
0.0945,39,0.8755631584306308,-9.877513273121895e-17,8.63065819583866e-13
0.0998,39,0.8681311666991575,-8.998937082375105e-17,8.55367901226745e-13
0.105,39,0.861519808602766,-7.924096586253035e-17,8.479616068427345e-13
0.1103,39,0.8557196435334895,-6.999975050739632e-17,8.405518481874334e-13
0.1156,39,0.850533669403164,-6.122557874667911e-17,8.332577602435296e-13
0.1208,39,0.8457227012579492,-5.390338590003816e-17,8.262545833022196e-13
0.1261,39,0.8409472767552527,-5.010007127251641e-17,8.1924473117729e-13
0.0261,40,1.0,-2.0150420345442787e-16,9.351707175040238e-13
0.0314,40,0.9896882311581813,-2.0008442133870944e-16,9.25752721543873e-13
0.0366,40,0.9795664592308327,-1.9880827818385571e-16,9.167051046357716e-13
0.0419,40,0.9692954235230047,-1.9929669185220863e-16,9.076618768419625e-13
0.0472,40,0.9591848592946339,-1.9721374254989624e-16,8.987817172446903e-13
0.0524,40,0.9492900070227226,-1.9428415611675103e-16,8.902352542208679e-13
0.0561,40,0.9424455656740631,-1.899816223738119e-16,8.842497633456735e-13
0.0629,40,0.9297905163692632,-1.8263010758734894e-16,8.734531019693706e-13
0.0682,40,0.9202189367395069,-1.7883884893973786e-16,8.652317848872724e-13
0.0735,40,0.9107970347005268,-1.764866172767387e-16,8.571654658304845e-13
0.0787,40,0.9015887784536221,-1.7538694888694244e-16,8.494037094100794e-13
0.084,40,0.8923817523768801,-1.7260397568388724e-16,8.416112698996556e-13
0.0893,40,0.8834799704846985,-1.6904380390667062e-16,8.339875465951994e-13
0.0945,40,0.8748390164194091,-1.6136053385590736e-16,8.265971734297863e-13
0.0998,40,0.8667058595378939,-1.5330765610437327e-16,8.192119986453957e-13
0.105,40,0.8594310302841529,-1.4243736401250972e-16,8.121030169547737e-13
0.1103,40,0.8531416035538233,-1.3209094528443462e-16,8.049876713856107e-13
0.1156,40,0.8477616245388514,-1.2146093650147075e-16,7.979810128512495e-13
0.1208,40,0.8430850726433109,-1.1140187224018447e-16,7.912505830439857e-13
0.1261,40,0.8387074915144749,-1.0428901291110692e-16,7.845131912613296e-13
0.0261,41,1.0,-2.655914683328951e-16,8.969050144605665e-13
0.0314,41,0.9896778348745202,-2.630544017143398e-16,8.878556803408725e-13
0.0366,41,0.9795986246351862,-2.611463137227959e-16,8.791650602561522e-13
0.0419,41,0.9693351569399857,-2.607837340480756e-16,8.704802629502664e-13
0.0472,41,0.9592201158453411,-2.5875688028986177e-16,8.619533156814084e-13
0.0524,41,0.9493320560839634,-2.5608623708176614e-16,8.537460142348274e-13
0.0561,41,0.9424897156044816,-2.520316021063962e-16,8.479959045368569e-13
0.0629,41,0.9298511585789604,-2.4347530512148263e-16,8.376222429686493e-13
0.0682,41,0.9202399711410646,-2.3829648424449015e-16,8.297240148020619e-13
0.0735,41,0.9107986793053793,-2.345439748058812e-16,8.219761657367802e-13
0.0787,41,0.9016350823097592,-2.327402926309647e-16,8.145229020623723e-13
0.084,41,0.8924075593039713,-2.300697157538396e-16,8.070410642386267e-13
0.0893,41,0.8833766524961512,-2.2734470718548003e-16,7.997222301481358e-13
0.0945,41,0.8744506896116578,-2.2099251365940624e-16,7.926268819721356e-13
0.0998,41,0.8658906764180903,-2.140926415773617e-16,7.855352646119412e-13
0.105,41,0.8580848426702109,-2.0398804864512392e-16,7.787063277642992e-13
0.1103,41,0.8512003231152627,-1.9366647289469775e-16,7.718686983612918e-13
0.1156,41,0.8452824695794093,-1.8217049307392803e-16,7.651323365785937e-13
0.1208,41,0.8402191089195847,-1.704925828019683e-16,7.586586262476747e-13
0.1261,41,0.8356802385819815,-1.6103142623028754e-16,7.521761745481054e-13
0.0261,42,1.0,-3.2871451112349614e-16,8.612190646495792e-13
0.0314,42,0.9896402514701179,-3.2503074098043335e-16,8.525144031926785e-13
0.0366,42,0.9795896151430579,-3.2246094823596354e-16,8.441567218838369e-13
0.0419,42,0.9693451340112322,-3.2135164996417673e-16,8.358061164763257e-13
0.0472,42,0.9592118220154217,-3.1894696643115282e-16,8.276082931160524e-13
0.0524,42,0.9493435370070119,-3.162875846085817e-16,8.197178522117317e-13
0.0561,42,0.9424999543213602,-3.1280148887925023e-16,8.14188198271692e-13
0.0629,42,0.9298890372120122,-3.039451306513223e-16,8.042099976133206e-13
0.0682,42,0.9202390455122804,-2.9748209813492414e-16,7.966120171286141e-13
0.0735,42,0.9107755439114414,-2.9203741224839477e-16,7.89159803738224e-13
0.0787,42,0.9016602332134447,-2.8900487632344667e-16,7.819922362778606e-13
0.084,42,0.8924068839373624,-2.85618968213904e-16,7.74798984866717e-13
0.0893,42,0.8833355037486216,-2.8314820692284846e-16,7.67763994846129e-13
0.0945,42,0.8743048871526049,-2.779803273061812e-16,7.609447887013966e-13
0.0998,42,0.8655512777100385,-2.723530580390785e-16,7.541283184350431e-13
0.105,42,0.8573591196414498,-2.635692043211057e-16,7.475629135316019e-13
0.1103,42,0.8498544879539259,-2.5408877874730937e-16,7.40987093127012e-13
0.1156,42,0.8431932602792944,-2.425669070350431e-16,7.345052158365104e-13
0.1208,42,0.8373903142378486,-2.3027521471514976e-16,7.282735432138342e-13
0.1261,42,0.8322766112790488,-2.1939086485559854e-16,7.220303575203575e-13
0.0261,43,1.0,-3.909746422047468e-16,8.279012402660634e-13
0.0314,43,0.989587413423435,-3.862269640638211e-16,8.1951972858679e-13
0.0366,43,0.9795447426850478,-3.8292661925167196e-16,8.11472746221415e-13
0.0419,43,0.9693281585082445,-3.8107824388734837e-16,8.034337601873037e-13
0.0472,43,0.9591762102539794,-3.7806423198389584e-16,7.955430075703214e-13
0.0524,43,0.9493321347150965,-3.752026775601447e-16,7.879485821788786e-13
0.0561,43,0.942483447735386,-3.7232035324701813e-16,7.826254914133903e-13
0.0629,43,0.9299009802022313,-3.6375810992400416e-16,7.730176818611396e-13
0.0682,43,0.9202212228927114,-3.562847594798796e-16,7.656996987073648e-13
0.0735,43,0.9107396210363159,-3.4917232377620383e-16,7.585226085216671e-13
0.0787,43,0.9016629681344389,-3.446483839510115e-16,7.516201199749506e-13
0.084,43,0.8923801669729368,-3.4003763828027473e-16,7.44695153067064e-13
0.0893,43,0.8833189255342067,-3.3723751255474447e-16,7.379240494311712e-13
0.0945,43,0.8742994179266149,-3.329012125718615e-16,7.313626503528742e-13
0.0998,43,0.8654985837823569,-3.2834478066917192e-16,7.248033431451435e-13
0.105,43,0.8570459549876486,-3.210498996380662e-16,7.184853276722597e-13
0.1103,43,0.8489753602296449,-3.128063253414948e-16,7.121556331731359e-13
0.1156,43,0.8415366034499987,-3.0188465356845395e-16,7.059134070659485e-13
0.1208,43,0.8348720410920137,-2.897774428018327e-16,6.999100393977009e-13
0.1261,43,0.8289848551685824,-2.782520503879747e-16,6.9389197312867e-13
0.0261,44,1.0,-4.524731719551631e-16,7.967399135050223e-13
0.0314,44,0.9895305609811719,-4.468565958913349e-16,7.886624950107062e-13
0.0366,44,0.9794690048418018,-4.427177642982343e-16,7.80905789971475e-13
0.0419,44,0.969286866923919,-4.400413201044267e-16,7.731575168503636e-13
0.0472,44,0.9591285710763587,-4.363889079582178e-16,7.655538170659145e-13
0.0524,44,0.9493050864294569,-4.331459947994019e-16,7.582360181635654e-13
0.0561,44,0.942446943086532,-4.306172657643446e-16,7.531066308251632e-13
0.0629,44,0.9298839936715344,-4.226327686866635e-16,7.438466116698616e-13
0.0682,44,0.9201912707249102,-4.145935371481961e-16,7.367909663787498e-13
0.0735,44,0.9107022084525478,-4.061541035612331e-16,7.298708087739596e-13
0.0787,44,0.901642092608907,-4.0013849950028246e-16,7.23214961072049e-13
0.084,44,0.892327817944957,-3.941116311691459e-16,7.165396901228057e-13
0.0893,44,0.8832914906986268,-3.903958335171364e-16,7.10013602645255e-13
0.0945,44,0.874338008238051,-3.86332407232077e-16,7.036922236618738e-13
0.0998,44,0.8655544677572092,-3.823236846472905e-16,6.973725217726845e-13
0.105,44,0.8569494974098801,-3.7629920319361686e-16,6.912861236018506e-13
0.1103,44,0.848441688148949,-3.6926757517647975e-16,6.851870959900271e-13
0.1156,44,0.8403526868956784,-3.5935820785779774e-16,6.791706667078566e-13
0.1208,44,0.8329218746208724,-3.4802694188411935e-16,6.733828202545107e-13
0.1261,44,0.8262650016125285,-3.364997044283516e-16,6.675772543236281e-13
0.0261,45,1.0,-5.132749208339709e-16,7.675360793641977e-13
0.0314,45,0.9894790411191627,-5.07061441064197e-16,7.597458539575389e-13
0.0366,45,0.9793692802326408,-5.019575056721203e-16,7.522608088396985e-13
0.0419,45,0.969224786501645,-4.982955630425438e-16,7.447840280261234e-13
0.0472,45,0.9590807272825099,-4.941301967451032e-16,7.374492447271167e-13
0.0524,45,0.9492684581667516,-4.903628095899174e-16,7.303901178604312e-13
0.0561,45,0.9423966167645061,-4.877259050145208e-16,7.254425474626306e-13
0.0629,45,0.9298377934411244,-4.803306010996701e-16,7.165099250668148e-13
0.0682,45,0.920153297246642,-4.722756201387284e-16,7.097012447850054e-13
0.0735,45,0.9106711600942765,-4.630882238809233e-16,7.030219647320141e-13
0.0787,45,0.9015976708874662,-4.558022708324673e-16,6.965963958661457e-13
0.084,45,0.8922520385021485,-4.484399409723647e-16,6.901539173870611e-13
0.0893,45,0.8832278080691206,-4.4326329965684405e-16,6.838551999321873e-13
0.0945,45,0.8743461056565751,-4.387791069428107e-16,6.77756788571966e-13
0.0998,45,0.8655795467111144,-4.345621471989675e-16,6.716597537286295e-13
0.105,45,0.8569118220150883,-4.2927765490247606e-16,6.657896843974705e-13
0.1103,45,0.8481464985802644,-4.230876052697384e-16,6.599062401799444e-13
0.1156,45,0.8396513799347095,-4.143902495677846e-16,6.541026325506959e-13
0.1208,45,0.8317105196249335,-4.042169621873547e-16,6.485183700455637e-13
0.1261,45,0.8244431925688516,-3.9317897673571724e-16,6.429140132428902e-13
0.0261,46,1.0,-5.7329874962323845e-16,7.40141224052292e-13
0.0314,46,0.9894367336062431,-5.666964228811928e-16,7.326222089428527e-13
0.0366,46,0.9792606255978732,-5.605637047424244e-16,7.253919545441357e-13
0.0419,46,0.969149368295535,-5.558031776900118e-16,7.181692104490193e-13
0.0472,46,0.9590335963300992,-5.512131862589726e-16,7.110864740885582e-13
0.0524,46,0.9492249885346702,-5.468215727977248e-16,7.042694136334791e-13
0.0561,46,0.9423375732371518,-5.436983816954229e-16,6.994925086510441e-13
0.0629,46,0.929772147672997,-5.367849749763309e-16,6.908680483576184e-13
0.0682,46,0.9201096572936771,-5.291106779703946e-16,6.842920297755691e-13
0.0735,46,0.9106428392259288,-5.196804694347747e-16,6.778389628329895e-13
0.0787,46,0.901534476152758,-5.114042013071102e-16,6.716289741685671e-13
0.084,46,0.8921620864730553,-5.028739172843888e-16,6.654039564928771e-13
0.0893,46,0.8831355670054624,-4.95907722464095e-16,6.593167335430329e-13
0.0945,46,0.874317415099739,-4.904583388814585e-16,6.534257178597834e-13
0.0998,46,0.8655550938850464,-4.853985537332785e-16,6.475358039460231e-13
0.105,46,0.8568894459622366,-4.803116799477898e-16,6.418677117822909e-13
0.1103,46,0.8480177883959145,-4.745479507117416e-16,6.361857487927273e-13
0.1156,46,0.8393311928559046,-4.670562762874137e-16,6.305824677729769e-13
0.1208,46,0.8311138965505557,-4.582030555498493e-16,6.251902882564143e-13
0.1261,46,0.823402050371553,-4.479767297012738e-16,6.197763787724116e-13
0.0261,47,1.0,-6.324270291857449e-16,7.14419456580748e-13
0.0314,47,0.9894060857940477,-6.255447443155007e-16,7.071562764878259e-13
0.0366,47,0.979159374106482,-6.184029076463976e-16,7.001656778059302e-13
0.0419,47,0.9690686613458807,-6.125032491754402e-16,6.931812996469412e-13
0.0472,47,0.9589855145690067,-6.074919357951046e-16,6.863348537874543e-13
0.0524,47,0.9491765231177751,-6.024215296894759e-16,6.797445815140539e-13
0.0561,47,0.9422744504885229,-5.985914145335729e-16,6.751278658080633e-13
0.0629,47,0.9296987538351151,-5.919722265431861e-16,6.667932299174648e-13
0.0682,47,0.9200621952995183,-5.8485650029212825e-16,6.604363350016787e-13
0.0735,47,0.9106110801767783,-5.755367030278024e-16,6.541960210641069e-13
0.0787,47,0.9014581710970118,-5.665681581583387e-16,6.48188474169223e-13
0.084,47,0.8920684717140034,-5.570779985753284e-16,6.42167129143282e-13
0.0893,47,0.8830298284390262,-5.482538338399682e-16,6.362774324306723e-13
0.0945,47,0.8742617794090854,-5.415150881057711e-16,6.305799075102236e-13
0.0998,47,0.865491227138823,-5.351877917051851e-16,6.248831537384313e-13
0.105,47,0.8568673177773553,-5.29819174829811e-16,6.194037371410012e-13
0.1103,47,0.8479946857442263,-5.240967611112095e-16,6.13910285990111e-13
0.1156,47,0.8392689509180404,-5.175999900867557e-16,6.084952169007234e-13
0.1208,47,0.8309445025240185,-5.100063492131559e-16,6.032839531786819e-13
0.1261,47,0.8229258792495976,-5.007402538742756e-16,5.980500589852214e-13
0.0261,48,1.0,-6.905421303842693e-16,6.902348859610079e-13
0.0314,48,0.9893894168945137,-6.833896083402965e-16,6.832127731136359e-13
0.0366,48,0.9790809764869983,-6.75341660521291e-16,6.764484293462244e-13
0.0419,48,0.9689902715832798,-6.683348626274372e-16,6.6968853114778e-13
0.0472,48,0.9589349017688445,-6.628205046487785e-16,6.63063732461021e-13
0.0524,48,0.9491248005695097,-6.570619255318222e-16,6.566862975335005e-13
0.0561,48,0.9422116288030223,-6.52461722255494e-16,6.522199703513475e-13
0.0629,48,0.9296286701787968,-6.4586869202677745e-16,6.441577181215461e-13
0.0682,48,0.9200126495792657,-6.39270876752863e-16,6.380071741145726e-13
0.0735,48,0.9105700424235013,-6.302627874650221e-16,6.319673574125874e-13
0.0787,48,0.901374099414794,-6.209180086202825e-16,6.261506740580235e-13
0.084,48,0.8919811285545297,-6.107166233152935e-16,6.203207570413039e-13
0.0893,48,0.8829248271365564,-6.002263656855433e-16,6.146165255479852e-13
0.0945,48,0.8741884930544023,-5.920943396734981e-16,6.09100253508184e-13
0.0998,48,0.8653974935055025,-5.842847485696485e-16,6.035842844194196e-13
0.105,48,0.8568311904825111,-5.78218036048793e-16,5.982812918582906e-13
0.1103,48,0.8480196367770204,-5.721821860768613e-16,5.929645159338297e-13
0.1156,48,0.8393482158983153,-5.662650930358826e-16,5.877259244599573e-13
0.1208,48,0.8310251001232829,-5.596479704188264e-16,5.826847431039848e-13
0.1261,48,0.822810801970631,-5.513168398039782e-16,5.776207619543487e-13
0.0261,49,1.0,-7.475264240815898e-16,6.674516212045146e-13
0.0314,49,0.989388932462588,-7.400142179287582e-16,6.6065641534146e-13
0.0366,49,0.979040080531254,-7.312465095043552e-16,6.541066598861617e-13
0.0419,49,0.9689213991400456,-7.232371031746116e-16,6.475591404794257e-13
0.0472,49,0.9588802533853702,-7.170529521152736e-16,6.411424587464744e-13
0.0524,49,0.9490714604954373,-7.106420055914156e-16,6.349652377231631e-13
0.0561,49,0.9421532521409163,-7.053660235877081e-16,6.306401736985555e-13
0.0629,49,0.9295723696395249,-6.984507076536452e-16,6.228337613450549e-13
0.0682,49,0.9199626604741807,-6.921115970015321e-16,6.168775607654886e-13
0.0735,49,0.9105141809196282,-6.834645855514498e-16,6.110271898656516e-13
0.0787,49,0.9012873099993197,-6.740776199270687e-16,6.053913520248786e-13
0.084,49,0.8919094651897498,-6.634542299743946e-16,5.997421618899713e-13
0.0893,49,0.8828340403569849,-6.51750049901899e-16,5.942132418478517e-13
0.0945,49,0.8741063426807792,-6.423410786423891e-16,5.888676518385625e-13
0.0998,49,0.8652829081852279,-6.3304431178163e-16,5.835216773025536e-13
0.105,49,0.8567675507912943,-6.259261601049885e-16,5.78383907318849e-13
0.1103,49,0.848038143234222,-6.192523752174169e-16,5.732331027856186e-13
0.1156,49,0.839458765523184,-6.13295287204865e-16,5.68159634976702e-13
0.1208,49,0.83118793353038,-6.071490464084131e-16,5.632780363239419e-13
0.1261,49,0.8228638772576635,-5.995537780396359e-16,5.583741957528229e-13
0.0261,50,1.0,-8.03289138061377e-16,6.459440311998713e-13
0.0314,50,0.9894051568609711,-7.952548453067426e-16,6.393622564237635e-13
0.0366,50,0.979045490877023,-7.860085466947083e-16,6.330168866273575e-13
0.0419,50,0.9688677925977066,-7.771566160602354e-16,6.266711915033416e-13
0.0472,50,0.9588213939172482,-7.700828397975683e-16,6.204502273207239e-13
0.0524,50,0.9490180273626363,-7.630864942117666e-16,6.144618371111495e-13
0.0561,50,0.9421018920552167,-7.573477828030605e-16,6.102695845645181e-13
0.0629,50,0.9295363460524968,-7.49715216186125e-16,6.027034073447374e-13
0.0682,50,0.9199133026003911,-7.432152137799372e-16,5.969302912367957e-13
0.0735,50,0.9104403526230097,-7.348506439825911e-16,5.912593689035578e-13
0.0787,50,0.9012020500871749,-7.257440775305993e-16,5.857956624265367e-13
0.084,50,0.8918591392491434,-7.150039392312249e-16,5.803178397370464e-13
0.0893,50,0.8827662999768147,-7.027259099165491e-16,5.749556963334813e-13
0.0945,50,0.874021848645749,-6.923328315653224e-16,5.697716735613967e-13
0.0998,50,0.8651555132429496,-6.817238230570053e-16,5.645863165465405e-13
0.105,50,0.8566674356154413,-6.732801813663447e-16,5.596035855296515e-13
0.1103,50,0.848008966394711,-6.65688666588087e-16,5.546090927637302e-13
0.1156,50,0.8395144539796212,-6.589455914754827e-16,5.49689888898864e-13
0.1208,50,0.8313001183002792,-6.526088683736486e-16,5.449577907190889e-13
0.1261,50,0.8229294346283154,-6.454088746261392e-16,5.402046840429282e-13
